Symbol,P/B,P/E,Forward P/E,PEG,Debt/Eq,EPS (ttm),Dividend %,ROE,ROI,EPS Q/Q,Insider Own,Beta,Profit Margin,Avg Volume,Short Float / Ratio
AAL,,135.0,5.17,,,0.11,,-1.6,5.2,183.4,0.1,1.55,0.3,25190000.0,"(9.78, 2.49)"
AAON,8.33,47.45,27.98,3.95,0.14,1.85,0.55,19.5,16.1,520.7,0.4,0.79,11.3,234910.0,"(1.47, 2.64)"
AAPL,42.15,25.56,22.78,3.14,1.96,5.89,0.61,163.5,58.3,-10.3,0.07,1.29,24.6,72790000.0,"(0.7, 1.52)"
AAWW,0.92,9.45,7.34,0.95,0.75,10.53,,12.2,7.8,-33.4,0.2,1.16,7.8,463060.0,"(10.39, 6.29)"
ABCB,0.8,7.44,7.1,0.93,0.16,4.99,1.62,11.2,17.3,0.8,3.2,1.14,38.8,346240.0,"(2.48, 4.7)"
ABCL,1.72,14.93,,1.49,0.0,0.5,,12.9,11.0,-152.8,19.7,,32.7,1780000.0,"(10.88, 12.43)"
ABCM,3.93,427.14,,1095.24,0.32,0.04,,1.0,2.4,138.8,0.01,,1.9,746930.0,"(0.22, 0.63)"
ABNB,13.25,41.55,29.17,,0.36,2.79,,35.9,22.6,455.4,3.2,,22.5,6280000.0,"(5.0, 3.05)"
ACAD,7.86,,273.38,,0.0,,,-50.6,-56.5,2.6,0.1,0.56,-41.8,1350000.0,"(4.97, 5.97)"
ACGL,1.97,17.12,9.7,0.97,0.23,3.81,,12.3,8.9,43.5,0.9,0.74,15.1,1980000.0,"(1.55, 2.82)"
ACHC,2.18,22.87,18.52,1.91,0.5,2.99,,10.1,8.3,-12.9,0.6,1.33,10.5,581280.0,"(4.08, 6.29)"
ACIW,2.14,18.41,17.15,1.53,0.91,1.25,,11.8,7.8,-14.0,0.8,1.11,10.0,911720.0,"(2.34, 2.74)"
ACLS,6.03,22.44,17.62,1.12,0.07,5.46,,30.2,26.7,63.3,2.3,1.73,19.9,579080.0,"(5.89, 3.27)"
ACT,0.86,5.01,6.35,25.31,0.18,4.31,2.59,17.2,15.6,-6.6,81.6,,64.3,142550.0,"(3.92, 8.2)"
ADBE,10.78,32.12,18.68,2.32,0.29,10.1,,33.9,26.7,-1.8,0.32,1.28,27.0,2950000.0,"(1.2, 1.86)"
ADI,2.53,27.56,16.7,2.55,0.0,6.62,1.88,9.4,6.8,256.0,0.36,1.15,27.3,3310000.0,"(1.05, 1.61)"
ADP,29.62,28.37,23.71,2.11,1.0,7.53,2.34,96.9,47.1,18.7,0.1,0.82,18.2,1920000.0,"(1.03, 2.19)"
ADSK,47.22,52.31,23.73,3.28,2.9,3.78,,70.2,15.8,48.5,0.1,1.53,11.1,1360000.0,"(1.02, 1.61)"
AEIS,3.23,17.18,15.3,1.72,0.35,5.36,0.43,20.6,14.0,14.6,0.1,1.56,10.8,180100.0,"(4.81, 9.84)"
AEP,1.92,19.86,15.84,3.25,1.67,4.5,3.71,9.6,5.4,-30.1,0.03,0.45,11.7,2770000.0,"(1.42, 2.64)"
AFRM,1.21,,,,1.95,,,-31.7,-12.8,-93.5,0.3,,-65.2,18700000.0,"(18.96, 2.24)"
AGNC,0.91,,4.44,,5.83,,14.46,-20.1,,,0.56,1.23,,11270000.0,"(6.62, 3.36)"
AGYS,17.12,187.77,83.66,3755.45,0.0,0.41,,10.2,6.5,208.7,1.3,0.94,5.6,169930.0,"(1.41, 1.99)"
AHCO,0.82,28.67,11.76,0.99,1.02,0.46,,3.0,3.6,-111.1,0.7,0.69,2.1,1010000.0,"(10.81, 9.41)"
AIMC,2.0,31.55,16.49,2.1,0.52,1.94,0.59,6.5,5.8,125.1,0.5,2.18,6.5,958680.0,"(7.86, 5.29)"
AKAM,2.55,21.64,11.71,1.8,0.0,3.27,,12.2,8.3,15.4,0.1,0.8,14.5,1570000.0,"(5.66, 5.57)"
AKRO,4.73,,,,0.03,,,-60.1,,-31.7,2.1,,,740370.0,"(8.01, 4.6)"
ALGM,9.27,55.36,32.14,4.26,0.03,0.78,,18.8,15.2,94.0,0.7,,16.7,1600000.0,"(7.56, 4.15)"
ALGN,6.79,68.58,32.39,1.59,0.0,4.6,,9.9,11.2,-77.6,0.3,1.59,9.7,1110000.0,"(3.32, 2.18)"
ALHC,4.91,,,,0.68,,,-54.5,-32.9,-16.3,4.1,,-10.4,796070.0,"(2.15, 4.66)"
ALKS,4.17,,19.04,,0.28,,,-14.9,-10.0,,1.77,0.61,-14.2,1330000.0,"(5.56, 6.76)"
ALNY,,,,,,,,,-100.8,22.0,0.1,0.49,,778100.0,"(4.4, 6.92)"
ALRM,4.04,47.35,24.17,9.76,0.82,1.03,,9.7,4.6,87.9,1.1,1.04,6.7,211330.0,"(3.51, 7.87)"
ALTR,9.13,,55.52,,0.54,,,-7.6,-2.5,950.1,0.7,1.5,-7.6,301190.0,"(4.98, 8.53)"
ALVO,,,,,,,,,-139.5,-37.4,73.64,,,131740.0,"(0.46, 1.95)"
AMAT,7.29,15.52,16.86,1.24,0.43,7.46,0.9,52.4,38.0,1.2,0.35,1.6,24.6,6360000.0,"(1.46, 1.92)"
AMBA,4.99,,144.93,,0.0,,,-7.5,-5.0,,5.3,1.56,-12.7,541410.0,"(3.16, 2.12)"
AMD,2.42,92.67,18.95,9.16,0.05,0.89,,2.4,2.4,-98.4,0.5,1.91,5.6,56880000.0,"(2.13, 0.6)"
AMED,2.54,22.58,17.21,,0.41,3.63,,11.8,9.3,-6.1,0.3,1.05,5.3,432360.0,"(6.54, 4.83)"
AMGN,34.09,19.24,12.39,4.67,10.64,12.12,3.65,246.1,20.6,-10.8,0.21,0.64,24.9,2500000.0,"(1.38, 2.95)"
AMKR,1.67,8.04,8.84,1.07,0.35,3.11,1.2,22.8,16.3,-24.4,6.1,1.77,10.8,1030000.0,"(3.08, 3.02)"
AMLX,12.67,,,,0.0,,,-172.5,54.7,13.0,24.57,,,814230.0,"(10.93, 6.71)"
AMZN,6.47,,36.81,,0.61,,,-2.0,6.6,-98.0,9.8,1.25,-0.5,71740000.0,"(0.64, 0.82)"
ANSS,5.41,50.57,31.62,5.44,0.0,5.99,,11.5,9.6,28.0,0.1,1.24,25.4,491260.0,"(0.86, 1.51)"
APA,25.38,3.19,4.21,0.23,12.89,10.83,2.9,924.9,76.9,34.9,0.44,3.56,33.2,5640000.0,"(3.75, 2.05)"
APLS,40.69,,,,2.58,,,-204.8,-103.4,6.5,1.5,1.23,,1510000.0,"(11.48, 7.1)"
APP,2.42,,24.14,,1.71,,,-10.0,-0.7,-393.9,4.3,,-6.8,3250000.0,"(14.55, 4.92)"
APPF,15.5,,188.55,,0.0,,,-25.0,-27.8,,1.1,0.98,-14.4,113390.0,"(2.74, 4.53)"
APPN,20.02,,,,0.81,,,-78.8,-55.2,-30.7,0.8,1.62,-32.2,438140.0,"(8.36, 7.61)"
ARCB,1.98,8.01,8.05,0.6,0.23,11.68,0.51,27.6,21.5,-40.0,1.8,1.57,5.6,279440.0,"(6.08, 5.23)"
ARCC,0.97,15.61,7.84,,,1.14,10.79,,,-54.5,1.38,,,3150000.0,"(3.28, 5.45)"
ARGX,6.54,,,,0.0,,,,-14.0,-4.0,,0.75,,232170.0,"(1.65, 3.92)"
ARHS,5.85,15.76,10.47,0.91,0.25,0.56,,94.1,52.9,512.2,0.2,,12.3,1080000.0,"(9.53, 4.5)"
ARLP,1.48,4.27,3.02,,0.26,4.39,14.93,39.6,29.7,312.1,16.3,1.41,23.2,554110.0,"(3.8, 6.17)"
ARRY,47.95,,25.3,,12.5,,,-136.3,-2.2,174.8,0.3,,-3.9,4480000.0,"(12.05, 3.99)"
ARWR,7.42,,,,0.0,,,-36.8,-45.7,35.2,3.4,1.08,-55.5,1030000.0,"(4.48, 4.51)"
ASML,25.43,40.28,24.96,1.35,0.0,15.02,1.64,67.7,42.3,5.7,0.4,1.47,26.6,1040000.0,"(0.27, 1.03)"
ASND,21.62,,,,1.93,,,-116.9,-73.5,-98.7,0.07,0.56,,326390.0,"(5.76, 10.05)"
ASO,2.97,8.24,7.54,0.75,0.44,7.1,0.62,40.3,33.3,-5.8,1.3,,9.5,1300000.0,"(15.5, 9.33)"
ATAT,4.76,176.86,35.37,,,0.14,,,,-0.8,25.69,,,270380.0,"(0.25, 0.72)"
ATVI,3.19,40.74,18.82,3.46,0.19,1.92,0.6,8.2,6.3,-29.3,0.1,0.4,20.1,6010000.0,"(1.96, 2.52)"
AUR,0.86,,,,0.0,,,-74.1,-103.8,-12.9,0.2,,,2220000.0,"(3.35, 5.01)"
AVAV,3.62,,43.54,,0.27,,,-1.4,0.9,,0.9,0.57,-1.7,183300.0,"(5.41, 7.28)"
AVDX,2.34,,,,0.22,,,-14.9,-10.9,73.2,4.6,,-32.0,1520000.0,"(2.91, 3.43)"
AVGO,11.05,20.73,13.96,2.21,1.69,29.74,2.98,57.4,21.4,57.4,0.1,1.11,36.6,2290000.0,"(1.19, 2.16)"
AVT,0.87,4.75,7.5,0.46,0.72,8.91,2.74,20.3,13.7,74.8,0.6,1.38,3.3,601880.0,"(3.6, 5.43)"
AXNX,4.46,,,,0.0,,,-11.8,-10.9,104.1,0.7,0.43,-21.8,694360.0,"(8.34, 5.66)"
AXON,11.85,103.89,56.16,3.93,0.53,2.03,,12.2,2.3,305.2,1.2,0.94,12.4,731400.0,"(2.84, 2.62)"
AXSM,24.15,,,,0.86,,,-252.2,-88.2,-56.6,18.47,1.95,,975050.0,"(23.72, 8.61)"
AY,2.0,,56.8,,3.48,,6.46,-0.3,4.0,132.6,42.31,0.82,-0.5,708500.0,"(4.66, 4.18)"
AZN,5.45,61.84,15.09,3.82,0.79,1.05,3.74,9.1,6.9,358.0,0.5,0.53,7.4,4890000.0,"(0.12, 0.71)"
AZPN,1.05,1214.15,27.41,69.38,0.02,0.18,,,0.4,,0.4,0.94,,194120.0,"(3.67, 5.31)"
AZTA,1.02,,64.74,,0.0,,0.99,63.3,-0.8,-505.7,1.1,1.6,,962640.0,"(5.75, 4.12)"
BANF,2.15,14.15,14.14,2.02,0.07,5.77,1.96,16.1,23.9,48.4,15.4,1.1,46.0,99660.0,"(2.53, 4.99)"
BANR,1.22,9.15,7.98,1.31,0.12,5.67,3.7,13.2,30.5,9.9,0.1,1.03,34.1,174140.0,"(1.82, 3.53)"
BCPC,4.24,38.18,30.22,1.59,0.47,3.25,0.57,11.7,8.5,-13.3,0.93,0.71,11.2,101970.0,"(0.79, 2.47)"
BEAM,3.26,,,,0.0,,,-37.6,-46.4,43.0,1.5,,,888150.0,"(18.05, 14.05)"
BECN,2.05,9.35,9.2,1.06,1.03,6.4,,24.3,14.0,123.8,0.2,1.59,5.1,453730.0,"(4.66, 5.11)"
BGNE,4.94,,,,0.14,,,-36.9,-21.6,-14.1,0.1,0.8,,244410.0,"(2.65, 8.27)"
BHF,0.52,,2.66,,0.53,,,-1.1,1.8,,1.06,1.32,-1.2,419350.0,"(2.15, 3.46)"
BIDU,1.49,83.32,12.06,15.09,0.4,1.6,,1.9,1.0,99.1,15.6,0.66,3.2,3810000.0,"(2.27, 1.63)"
BIIB,2.78,12.36,15.69,8.43,0.47,20.92,,24.7,9.8,51.6,0.1,0.19,29.9,1020000.0,"(1.29, 1.82)"
BILI,3.82,,,,1.0,,,-43.4,-23.4,29.3,3.24,1.08,-34.2,8560000.0,"(7.2, 2.66)"
BKNG,33.76,31.32,15.64,1.01,4.49,77.88,,82.5,27.7,113.7,0.2,1.33,17.9,322490.0,"(1.59, 1.85)"
BKR,1.95,,13.36,,0.46,,2.7,-4.0,0.6,-44.1,0.14,1.47,-2.8,6750000.0,"(1.55, 2.32)"
BL,33.15,,53.3,,12.39,,,-35.1,-2.8,130.0,1.1,0.89,-5.6,460360.0,"(8.17, 9.78)"
BLKB,3.71,,13.41,,1.15,,,-6.3,-1.1,-173.7,0.6,1.15,-4.3,216190.0,"(2.05, 4.02)"
BLMN,7.85,25.25,7.87,7.94,3.07,0.96,3.96,38.4,16.3,3.4,0.7,1.9,2.3,1630000.0,"(12.13, 6.22)"
BMBL,1.56,,41.59,,0.38,,,-4.8,-4.7,,0.73,,-8.8,2440000.0,"(4.48, 2.36)"
BMRN,3.64,123.32,28.95,,0.24,0.73,,3.1,2.5,99.6,0.3,0.4,6.8,1530000.0,"(3.95, 4.77)"
BNTX,1.6,3.01,8.82,,0.01,43.18,,65.5,86.3,-43.5,64.01,0.25,55.6,776110.0,"(0.91, 2.53)"
BOKF,1.24,11.35,9.3,1.62,0.04,7.7,2.47,11.0,21.5,46.6,0.4,1.26,37.1,196400.0,"(2.42, 3.53)"
BPMC,5.1,,,,0.27,,,-80.1,-83.0,51.0,1.0,0.71,,577110.0,"(9.3, 9.58)"
BPOP,0.97,3.73,5.58,0.75,0.0,14.71,4.01,26.5,42.5,37.7,0.9,0.89,44.7,530210.0,"(1.44, 1.94)"
BRKR,9.53,36.27,25.03,1.93,1.09,1.99,0.28,29.4,13.6,32.8,26.4,1.13,11.7,651940.0,"(3.53, 5.35)"
BRZE,6.46,,,,0.0,,,-31.1,-15.6,-265.4,0.6,,-45.4,458900.0,"(4.3, 4.83)"
BSY,21.04,71.15,39.67,,3.11,0.55,0.51,34.1,8.0,-37.1,21.8,,15.9,734150.0,"(3.37, 9.5)"
BZ,4.52,108.4,40.71,2.46,0.0,0.17,,2.5,-10.3,-25.1,0.07,,6.2,2470000.0,"(9.35, 5.53)"
CACC,3.3,10.35,9.69,0.47,2.83,38.96,,33.7,11.3,-35.2,0.7,1.33,29.2,128610.00000000001,"(13.99, 9.43)"
CAKE,5.75,40.8,10.23,1.2,1.6,0.84,3.14,12.9,6.5,-203.3,6.71,1.46,1.3,1060000.0,"(19.09, 8.62)"
CALM,2.01,5.62,11.47,,0.0,9.74,5.63,40.8,10.0,16829.8,10.91,,18.7,1020000.0,"(17.72, 5.71)"
CAR,,3.29,7.84,0.17,,57.22,,-386.8,13.4,55.2,0.5,2.37,23.0,628340.0,"(9.49, 5.84)"
CARG,2.76,13.27,17.36,0.86,0.0,1.28,,34.6,10.4,260.8,1.6,1.62,11.7,1250000.0,"(10.35, 8.09)"
CASY,3.01,17.51,19.89,2.03,0.64,12.02,0.72,18.5,10.1,55.5,0.3,0.81,3.0,260930.0,"(2.59, 3.69)"
CATY,1.1,7.6,6.96,0.95,0.06,4.84,3.7,14.8,23.2,34.2,0.6,1.17,42.4,290210.0,"(2.64, 6.41)"
CBRL,4.98,22.82,15.25,2.21,0.0,4.79,4.75,21.2,15.1,-14.5,2.8,1.36,3.2,389500.0,"(9.45, 5.28)"
CBSH,3.12,15.46,14.52,,0.0,3.81,1.83,18.5,31.6,11.7,2.2,0.77,48.4,410660.0,"(1.91, 5.39)"
CCCS,2.57,143.33,25.75,,0.4,0.06,,1.9,1.4,101.7,0.6,,4.9,783610.0,"(0.63, 4.89)"
CCEP,3.2,15.88,13.3,1.93,1.6,3.48,3.08,,8.5,14.0,0.31,0.79,,1070000.0,"(1.71, 4.61)"
CCOI,,526.29,55.75,,,0.12,6.06,-1.1,11.1,-93.6,0.8,0.44,0.9,283620.0,"(3.15, 4.67)"
CD,1.54,25.49,,,0.79,0.25,,6.3,3.3,200.0,0.64,,16.5,1160000.0,"(3.26, 4.96)"
CDNS,19.28,63.58,35.3,3.6,0.27,3.09,,31.3,25.1,38.8,0.6,1.06,23.8,1490000.0,"(1.34, 2.44)"
CDW,15.93,23.16,16.5,1.59,3.69,8.14,1.25,90.5,18.1,33.9,0.1,1.13,4.7,772440.0,"(1.32, 2.3)"
CEG,2.33,,14.53,,0.5,,1.46,-1.4,-2.9,-130.9,0.1,,-0.7,2029999.9999999998,"(1.59, 2.55)"
CELH,154.04,,46.6,,0.01,,,-140.1,-476.3,-719.4,0.5,1.81,-30.4,964190.0,"(23.67, 9.93)"
CENT,1.53,15.67,13.18,1.57,0.9,2.46,,10.2,8.5,-197.9,13.7,0.71,4.1,34980.0,"(0.49, 6.89)"
CENTA,1.51,15.02,12.61,2.55,,2.46,,,,,3.93,,,177480.0,"(2.28, 5.06)"
CERE,7.57,,,,0.64,,,-67.0,,-48.1,17.56,,,620560.0,"(3.74, 7.77)"
CERT,2.97,220.87,31.7,7.81,0.27,0.09,,1.4,2.1,192.5,1.2,,4.4,648030.0,"(2.01, 4.74)"
CFLT,8.27,,299.46,,1.41,,,-56.8,-25.3,12.3,0.4,,-77.2,3730000.0,"(11.73, 4.61)"
CG,1.76,8.96,6.7,,1.31,3.36,4.32,20.2,9.2,-80.6,2.3,1.69,27.6,3270000.0,"(7.92, 5.83)"
CGNX,5.68,38.42,32.79,16.24,0.0,1.23,0.59,15.5,14.7,6.6,0.2,1.6,21.4,839210.0,"(2.81, 5.58)"
CHDN,15.86,20.54,15.55,0.68,8.35,11.42,0.3,84.3,3.0,-94.4,2.9,1.12,24.3,180760.0,"(2.32, 4.21)"
CHK,1.09,2.34,7.2,,0.34,31.68,12.27,73.0,41.4,182.0,0.1,,42.6,1670000.0,"(6.12, 4.72)"
CHKP,5.15,19.55,14.11,2.68,0.0,6.33,,26.5,25.7,12.6,24.8,0.68,34.2,795820.0,"(3.1, 3.93)"
CHRD,1.18,3.72,4.21,0.19,0.08,35.71,3.77,63.0,32.1,-5.6,3.3,,50.9,458610.0,"(3.6, 3.09)"
CHRW,8.89,13.89,19.51,14.39,1.53,7.29,2.41,52.4,30.3,-54.3,0.3,0.8,3.8,1550000.0,"(11.84, 8.76)"
CHTR,5.64,10.9,8.32,0.62,10.7,30.76,,50.6,9.7,-14.0,12.3,1.12,9.4,1370000.0,"(9.0, 6.51)"
CHX,3.24,36.8,12.35,1.16,0.37,0.75,1.23,8.8,8.9,59.4,0.7,2.6,4.1,1590000.0,"(3.9, 4.86)"
CIGI,9.38,106.22,12.84,5.31,3.45,1.01,0.28,9.4,10.9,-47.0,11.0,1.51,1.0,85280.0,"(1.63, 6.78)"
CINF,1.62,,18.17,,0.08,,2.76,-4.6,-3.8,-28.9,0.5,0.65,-7.4,605380.0,"(2.15, 5.54)"
CLBK,1.72,21.08,20.14,,1.07,0.81,,8.2,21.7,-9.2,0.6,0.23,27.8,150690.0,"(5.94, 12.49)"
CLDX,6.24,,,,0.0,,,-31.3,-35.3,-30.3,0.2,2.18,,482630.0,"(7.7, 7.49)"
CMCSA,1.88,29.82,8.63,4.32,1.24,1.19,3.27,6.2,5.4,6.3,0.74,1.0,4.4,20890000.0,"(1.01, 2.01)"
CME,2.4,24.29,20.45,6.2,0.13,7.4,2.45,9.6,7.3,4.0,0.2,0.42,52.9,1830000.0,"(1.13, 2.22)"
CNXC,2.34,14.96,9.45,1.62,0.83,8.28,0.89,15.9,9.6,-14.9,16.7,,6.8,236460.0,"(1.28, 2.34)"
COHR,1.08,,8.39,,0.95,,,-2.5,7.0,-232.0,1.4,1.55,-2.2,1340000.0,"(4.57, 4.65)"
COIN,2.46,,,,0.63,,,-44.9,-25.6,-165.4,0.2,,-82.2,17840000.0,"(19.76, 1.95)"
COKE,4.46,12.85,,,0.55,40.36,0.39,44.8,28.8,583.5,43.53,0.91,6.9,39300.0,"(1.87, 2.52)"
COLB,0.73,6.42,5.14,0.8,0.01,3.2,5.84,11.2,24.8,60.0,0.1,0.73,38.7,2230000.0,"(5.92, 5.48)"
COLM,2.74,17.21,14.01,0.54,0.0,4.96,1.41,17.1,15.9,-15.7,47.54,0.94,9.0,303680.0,"(3.04, 3.25)"
COOP,0.69,3.27,6.06,,1.83,12.19,,22.8,9.7,-99.4,0.8,1.6,37.5,587650.0,"(3.63, 4.26)"
CORT,4.45,23.69,24.1,,0.0,0.88,,22.2,19.5,-45.6,0.5,0.5,25.2,779210.0,"(15.53, 19.07)"
COST,9.19,34.68,30.08,3.5,0.29,13.61,0.76,28.5,20.4,13.0,0.2,0.79,2.6,2020000.0,"(0.69, 1.52)"
COUP,,,,,,,,,,,,,,,
CPRT,6.21,30.25,25.84,1.36,0.0,2.25,,22.7,23.9,2.1,9.5,1.23,29.5,1850000.0,"(0.94, 2.18)"
CRCT,2.74,34.4,23.83,,0.0,0.28,,11.1,20.8,-57.8,1.8,,8.9,99040.0,"(2.55, 55.47)"
CROX,8.41,12.81,8.63,1.28,2.84,8.69,,94.4,21.4,-14.5,2.9,1.96,15.2,1510000.0,"(10.79, 4.29)"
CRSP,1.91,,,,0.0,,,-31.9,-35.9,23.5,0.5,1.73,,1140000.0,"(14.46, 9.81)"
CRTO,1.66,329.33,9.78,,0.0,0.09,,0.8,-0.7,-80.8,1.5,0.91,0.4,305830.0,"(0.75, 1.34)"
CRUS,3.22,17.59,15.33,2.59,0.0,5.68,,19.9,20.3,-15.4,0.4,0.97,16.2,522630.0,"(3.07, 3.22)"
CRVL,15.65,46.16,,,0.0,3.83,,33.5,31.3,26.6,42.8,1.07,9.6,80500.0,"(3.19, 3.56)"
CRWD,19.49,,40.73,,0.51,,,-14.4,-9.6,-10.5,0.7,1.02,-8.2,5220000.0,"(3.57, 1.36)"
CSCO,4.79,17.73,12.03,2.42,0.21,2.73,3.22,27.9,22.9,-4.7,0.1,0.98,21.3,18140000.0,"(0.98, 2.22)"
CSGP,3.93,72.1,47.57,3.61,0.14,0.93,,5.9,4.2,30.1,0.8,0.89,16.9,2490000.0,"(1.18, 1.92)"
CSIQ,1.42,14.1,7.64,1.17,2.21,2.78,,10.5,3.0,117.8,31.0,1.47,2.7,1020000.0,"(7.89, 3.9)"
CSQ,0.97,,,,,,9.33,,,,0.15,,,227230.0,"(0.18, 1.47)"
CSWI,4.17,23.51,21.92,1.96,0.55,5.71,0.51,18.6,10.2,71.2,1.2,0.8,12.2,78450.0,"(0.69, 1.3)"
CSX,4.78,14.92,14.31,1.81,1.43,1.95,1.51,32.2,15.6,16.1,0.26,1.23,28.0,13400000.0,"(1.06, 1.61)"
CTAS,12.77,35.05,30.46,2.87,0.85,12.29,1.07,38.6,21.7,-46.9,0.5,1.34,15.3,350680.0,"(1.41, 3.48)"
CTSH,2.41,13.13,11.88,2.39,0.05,4.42,2.0,19.0,17.3,-6.9,0.1,1.11,11.8,4850000.0,"(1.33, 1.39)"
CVBF,1.29,10.78,9.32,1.08,0.0,1.68,4.42,11.9,20.6,34.8,0.3,0.41,45.5,737430.0,"(3.54, 6.36)"
CVCO,2.62,10.32,12.11,0.34,0.01,27.35,,27.7,22.4,-22.2,0.6,1.21,11.4,77750.0,"(3.6, 3.86)"
CVLT,9.34,158.89,21.09,15.89,0.0,0.34,,6.0,12.4,-103.2,1.8,0.6,2.0,283690.0,"(1.86, 2.88)"
CVT,2.25,,37.37,,0.1,,,-6.4,-3.1,30.6,0.1,,-17.0,486570.0,"(0.44, 4.25)"
CWST,8.23,77.34,55.55,4.16,1.19,1.02,,11.3,6.7,-8.4,0.8,0.92,4.9,235890.0,"(2.31, 4.9)"
CYBR,6.77,,124.01,,0.84,,,-19.6,-11.7,-59.1,,1.09,-22.0,454190.0,"(3.58, 3.19)"
CYTK,,,,,,,,,-69.3,-299.3,0.7,0.84,,1040000.0,"(10.51, 9.17)"
CZR,2.63,,19.38,,6.83,,,-24.0,5.8,67.0,0.4,2.9,-8.3,3090000.0,"(2.75, 1.9)"
DADA,2.06,,11.45,,0.01,,,-26.5,-29.8,40.0,2.95,,-21.4,2110000.0,"(1.1, 1.3)"
DBX,,10.23,9.92,1.0,,1.85,,-116.0,40.7,190.5,3.9,0.84,23.8,2800000.0,"(5.01, 4.78)"
DCT,3.43,,96.38,,0.0,,,-1.9,-0.9,-853.5,3.3,,-4.6,1690000.0,"(3.21, 1.81)"
DDOG,14.92,,44.34,,0.52,,,-4.0,-3.3,-497.9,0.7,1.0,-3.0,4900000.0,"(4.72, 2.53)"
DIOD,2.66,12.29,12.83,0.82,0.12,7.2,,23.8,20.7,41.3,0.5,1.49,16.6,197090.0,"(2.88, 5.15)"
DISH,0.3,2.84,12.58,,1.19,3.62,,13.7,3.3,69.7,0.4,1.83,13.8,5630000.0,"(12.31, 5.49)"
DKNG,6.2,,,,0.95,,,-93.3,-56.1,32.6,2.1,1.8,-61.5,13960000.0,"(8.05, 2.5)"
DLO,11.69,41.79,24.29,0.84,0.05,0.36,,34.4,26.3,65.1,9.32,,30.0,1260000.0,"(5.18, 6.01)"
DLTR,3.82,19.75,17.91,1.25,0.46,7.2,,19.2,13.5,24.2,0.1,0.67,5.5,2120000.0,"(3.61, 3.72)"
DNLI,2.99,,,,0.0,,,-35.7,-32.7,-20.5,1.8,1.37,,694190.0,"(6.07, 10.12)"
DNUT,1.88,,31.78,,0.65,,1.05,-1.3,1.4,-299.8,2.8,,-1.0,926420.0,"(11.71, 10.47)"
DOCU,22.77,,19.67,,1.54,,,-29.0,-6.5,-416.2,1.0,0.99,-4.3,5380000.0,"(4.94, 1.82)"
DOOO,37.32,12.9,8.63,,,6.1,,,,10.7,2.77,,,42410.0,"(4.36, 36.26)"
DORM,2.47,21.27,13.91,1.42,0.7,3.85,,12.1,7.7,-47.3,0.1,0.58,7.0,105680.0,"(1.32, 3.27)"
DOX,3.01,20.2,13.78,2.01,0.0,4.45,1.94,,13.8,-0.9,4.8,0.66,,644150.0,"(0.9, 1.69)"
DRS,4.03,112.82,16.77,,0.0,0.11,,3.8,16.2,-143.3,82.09,0.88,5.3,866360.0,"(4.14, 2.23)"
DRVN,2.68,108.8,18.67,6.57,1.66,0.25,,2.7,4.0,168.9,8.6,,2.1,514620.0,"(6.01, 7.21)"
DSGX,5.78,63.31,46.23,4.22,0.0,1.18,,9.7,9.0,54.5,0.1,1.02,21.0,105010.0,"(0.5, 4.04)"
DUOL,9.11,,,,0.0,,,-11.2,-12.2,25.1,1.4,,-16.1,504040.0,"(7.24, 4.33)"
DXCM,20.05,138.15,76.74,4.51,0.95,0.8,,16.2,8.2,,0.1,1.16,11.7,2610000.0,"(3.36, 4.95)"
EA,4.02,29.71,16.84,8.86,0.25,3.71,0.69,13.6,8.8,216.9,0.2,0.85,14.1,2390000.0,"(1.61, 1.83)"
EBAY,4.33,,9.07,,1.72,,2.43,-22.8,19.1,184.0,0.1,1.36,-13.0,4900000.0,"(2.42, 2.64)"
EBC,0.78,9.5,8.47,,0.0,1.21,3.49,6.1,11.9,55.1,0.2,,28.9,780950.0,"(1.06, 2.36)"
EEFT,3.91,22.45,11.16,1.5,1.3,4.36,,20.8,10.3,,3.7,1.34,6.9,303980.0,"(3.54, 5.47)"
EFSC,1.17,8.68,7.93,0.96,0.11,5.31,2.17,14.2,26.0,19.1,2.0,1.16,38.6,138570.0,"(1.33, 3.37)"
ENPH,34.91,77.26,28.74,3.85,1.56,2.74,,71.7,18.6,186.0,1.2,1.56,17.0,4080000.0,"(4.53, 1.47)"
ENSG,3.83,21.95,16.81,1.46,0.12,3.95,0.27,19.5,16.6,23.7,0.7,1.01,7.4,260850.00000000003,"(3.91, 8.02)"
ENTG,3.69,51.81,20.86,9.25,1.8,1.54,0.5,8.3,4.9,-55.7,0.2,1.3,6.4,1690000.0,"(4.5, 3.94)"
EQIX,5.49,88.95,65.92,4.38,1.31,7.67,2.0,6.4,4.1,2.5,0.1,0.62,9.7,391800.0,"(1.63, 3.85)"
ERIC,1.45,10.44,7.7,,0.31,0.52,4.53,14.6,12.2,-39.8,0.9,0.57,6.9,10380000.0,"(0.5, 1.43)"
ERIE,8.09,43.83,31.52,4.38,0.0,5.11,2.12,21.8,20.6,19.0,0.8,0.46,10.5,111490.0,"(2.88, 6.39)"
ESGR,0.83,,5.87,,0.4,,,-19.4,11.8,142.6,0.9,0.61,,50890.0,"(0.89, 1.92)"
ESLT,2.97,39.18,21.79,3.59,0.39,4.45,1.15,7.8,8.2,-39.4,45.7,0.58,3.6,37680.0,"(0.28, 1.8)"
ETSY,,,31.61,,,,,,-37.3,-18.0,0.6,2.03,-27.1,3080000.0,"(11.7, 4.67)"
EVO,3.05,10.86,,,,0.85,,,,,,,,18060.0,"(0.01, 1.9)"
EVRG,1.43,18.03,14.88,6.76,1.27,3.27,4.16,8.0,5.7,-85.9,0.22,0.49,12.8,1390000.0,"(0.91, 1.5)"
EWBC,1.22,6.54,5.55,0.82,0.03,7.92,3.71,19.7,27.5,56.0,0.1,1.45,48.6,894330.0,"(1.55, 2.42)"
EXAS,3.71,,,,0.74,,,-19.8,-11.0,43.8,0.7,1.4,-29.9,2800000.0,"(7.42, 4.67)"
EXC,1.66,19.9,16.52,1.78,1.62,2.08,3.48,9.0,4.6,36.7,0.25,0.54,11.4,6650000.0,"(1.1, 1.64)"
EXEL,2.18,29.91,17.46,0.65,0.0,0.56,,7.5,6.0,-131.7,0.7,0.67,11.3,2910000.0,"(2.88, 3.12)"
EXLS,6.69,36.12,19.83,2.48,0.33,4.23,,20.1,14.3,13.0,0.4,1.02,10.1,177510.0,"(2.36, 4.24)"
EXPD,5.45,13.08,20.93,,0.0,8.23,1.24,38.9,43.4,-48.0,0.2,0.99,8.0,1460000.0,"(5.46, 5.74)"
EXPE,6.47,44.56,8.2,1.43,2.73,2.13,,16.5,11.1,-38.3,0.2,1.64,3.0,2600000.0,"(2.59, 1.46)"
EXPI,7.28,121.02,32.05,12.1,0.0,0.1,1.52,6.2,6.4,-148.0,48.9,2.74,0.3,982310.0,"(17.86, 13.54)"
EXPO,16.08,51.63,44.58,3.44,0.0,1.96,1.03,30.0,34.6,14.2,0.1,0.66,19.9,151130.0,"(2.34, 7.73)"
EXTR,26.28,46.79,11.79,2.34,3.06,0.36,,50.7,14.3,33.6,1.3,1.98,4.1,1350000.0,"(8.57, 8.18)"
EYE,1.71,41.24,26.19,2.13,0.63,0.47,,4.6,2.9,-210.5,0.1,1.54,2.1,1010000.0,"(9.16, 7.01)"
FA,1.71,30.45,11.51,4.2,0.49,0.43,,5.6,4.4,32.8,0.5,,8.0,298950.0,"(2.2, 10.77)"
FANG,1.56,5.32,5.72,,0.42,24.74,7.27,31.6,24.6,1.1,0.2,2.04,45.0,2550000.0,"(2.74, 1.88)"
FAST,9.33,27.38,24.39,4.33,0.18,1.89,2.71,34.4,29.6,7.1,0.1,1.18,15.6,3360000.0,"(2.58, 4.38)"
FCFS,2.29,16.39,13.1,2.29,0.76,5.38,1.5,9.8,5.0,53.0,20.07,0.81,6.5,209910.0,"(1.85, 3.27)"
FCNCA,0.98,8.73,5.84,,0.51,67.48,0.51,11.3,15.4,37.7,1.1,0.95,30.7,90590.0,"(2.4, 3.23)"
FELE,3.85,22.29,20.0,1.66,0.2,4.01,1.01,18.6,16.4,1.7,0.4,0.99,9.2,158410.0,"(1.12, 2.72)"
FFBC,0.99,9.37,8.72,0.94,0.17,2.3,4.27,10.6,20.2,45.5,0.5,1.08,37.2,311670.0,"(1.96, 5.86)"
FFIN,3.37,18.24,17.28,1.82,0.0,1.64,2.28,18.0,26.7,5.9,1.1,0.76,54.2,465710.0,"(5.26, 15.44)"
FFIV,3.18,27.54,10.35,2.93,0.0,4.97,,12.3,12.1,-20.7,0.5,1.09,11.1,512780.0,"(2.96, 3.46)"
FGEN,,,,,,,,-440.4,7008.9,51.3,0.9,0.83,,941510.0,"(4.64, 4.26)"
FHB,1.13,9.73,8.92,12.16,0.0,2.08,5.15,11.8,23.2,40.2,0.7,1.07,40.1,565590.0,"(2.72, 6.1)"
FIBK,1.06,16.77,8.4,2.1,0.09,1.85,6.05,6.3,24.0,-0.8,0.2,0.88,19.8,672430.0,"(1.7, 2.61)"
FISV,2.14,26.68,12.45,1.96,0.69,3.91,,8.2,6.1,144.2,0.5,0.86,14.3,3170000.0,"(1.23, 2.41)"
FITB,1.19,7.84,6.54,1.62,0.9,3.35,5.03,14.4,15.2,11.0,0.1,1.25,35.3,5220000.0,"(1.99, 2.58)"
FIVE,9.17,47.65,34.55,3.92,0.0,4.11,,20.1,26.1,-32.4,1.2,1.18,7.8,746420.0,"(6.86, 4.98)"
FIVN,13.93,,28.52,,2.38,,,-36.5,-8.8,-265.8,1.1,0.72,-12.2,1370000.0,"(6.45, 3.27)"
FIZZ,15.15,33.23,29.65,1.3,0.0,1.46,,53.4,57.9,-8.2,0.1,1.0,11.8,133830.0,"(5.16, 9.05)"
FLEX,2.12,11.98,8.69,0.73,0.89,1.76,,19.4,13.1,4.6,0.3,1.48,2.8,4770000.0,"(1.9, 1.79)"
FLNC,4.97,,348.65,,0.0,,,-25.8,-66.4,59.9,66.9,,-7.5,1300000.0,"(17.18, 4.98)"
FLYW,5.68,,438.77,,0.05,,,-7.4,-3.0,-146.9,1.7,,-12.2,832390.0,"(2.74, 3.29)"
FOCS,3.18,36.45,10.55,2.32,2.38,1.4,,9.0,6.7,-95.6,0.03,1.32,4.3,1060000.0,"(2.57, 1.41)"
FOLD,27.12,,44.67,,3.19,,,-141.7,-40.1,33.4,0.8,0.84,-71.9,2180000.0,"(7.18, 8.28)"
FORM,2.71,44.77,19.74,2.24,0.02,0.64,,6.2,5.8,-154.4,0.7,1.25,6.8,506140.0,"(4.07, 6.14)"
FOX,1.37,11.39,12.65,1.24,,2.61,1.68,,,,43.16,,,1210000.0,"(1.44, 1.63)"
FOXA,1.5,11.88,9.96,1.23,0.0,2.72,1.55,13.2,10.6,485.9,0.2,0.87,10.5,2600000.0,"(6.47, 10.69)"
FOXF,4.33,23.72,18.33,1.58,0.18,4.84,,19.9,16.5,40.3,0.3,1.84,12.8,206770.0,"(5.6, 11.43)"
FRHC,6.0,109.78,,,1.84,0.64,,,22.4,-19.9,71.58,1.14,,214790.0,"(1.19, 0.94)"
FRME,0.99,8.85,7.78,1.26,0.0,3.81,3.8,11.5,21.7,33.0,1.2,1.12,36.5,164150.0,"(0.86, 3.07)"
FROG,2.91,,66.3,,0.0,,,-14.4,-15.2,1.5,19.0,,-32.2,784670.0,"(1.2, 1.21)"
FRPT,2.58,,,,0.0,,,-6.3,-5.1,71.6,0.1,0.97,-10.0,649050.0,"(11.2, 8.01)"
FRSH,3.85,,215.54,,0.0,,,-21.6,-23.3,29.7,1.7,,-46.6,1640000.0,"(6.75, 6.51)"
FSLR,3.72,,15.87,,0.03,,,-0.8,-1.3,-105.8,0.3,1.36,-1.7,2820000.0,"(3.44, 1.24)"
FSV,4.75,35.82,26.42,2.39,0.81,3.76,0.9,14.0,10.4,23.6,12.46,0.99,3.2,47920.0,"(1.21, 9.81)"
FTAI,126.47,,9.34,,116.35,,4.99,-58.4,-8.6,204.8,0.2,1.87,-31.1,1320000.0,"(6.2, 4.64)"
FTDR,34.32,29.69,15.61,2.23,9.98,0.87,,302.1,10.7,37.6,0.35,0.77,4.3,741510.0,"(5.96, 6.53)"
FTNT,,55.44,35.43,2.92,,1.07,,-314.2,132.4,66.4,12.0,1.15,19.4,5290000.0,"(2.15, 2.57)"
FULT,1.05,8.93,7.77,1.12,0.23,1.67,4.02,11.9,23.7,28.3,0.3,0.82,32.0,991240.0,"(2.87, 4.81)"
FUTU,2.52,21.48,14.26,13.68,0.32,2.14,,12.2,8.8,34.4,15.04,0.81,35.6,3330000.0,"(8.8, 2.23)"
FWONA,2.09,25.86,58.21,,0.43,2.39,,8.5,4.9,352.6,3.68,1.08,21.7,231560.0,"(2.0, 1.93)"
FWONK,2.45,33.57,64.01,,,2.04,,,,,2.52,,,885750.0,"(3.29, 7.43)"
FWRD,3.96,14.78,14.78,1.12,0.19,7.15,0.91,28.8,23.6,14.1,0.84,1.13,9.7,189390.0,"(1.89, 2.61)"
FYBR,1.13,13.2,54.05,,1.78,1.8,,9.0,2.6,-17.7,0.21,,7.6,1130000.0,"(7.91, 17.12)"
GBDC,0.85,18.35,8.09,1.84,1.23,0.68,10.59,4.5,3.4,-59.6,4.23,0.69,26.5,751520.0,"(2.08, 4.47)"
GDRX,3.11,,19.28,,0.81,,,-4.1,-0.5,95.0,1.8,,-4.3,1680000.0,"(17.2, 7.76)"
GDS,0.88,,,,1.81,,,-7.0,0.6,-3.9,1.27,0.71,-18.3,1250000.0,"(6.45, 9.05)"
GEHC,3.68,18.23,17.9,,0.88,4.18,,,11.1,9.7,0.17,,10.4,3170000.0,"(2.2, 3.15)"
GEN,8.13,18.16,8.04,1.36,7.68,0.9,3.05,84.7,21.9,-25.8,8.3,0.81,17.8,3510000.0,"(2.16, 3.75)"
GFS,3.53,24.31,20.07,9.84,0.25,2.63,,16.1,11.9,1413.3,,,17.8,2110000.0,"(2.18, 5.56)"
GH,43.83,,,,18.89,,,-242.7,-46.0,-52.7,0.1,0.87,,2200000.0,"(7.17, 3.18)"
GILD,4.7,21.86,11.06,8.66,1.19,3.64,3.77,22.3,13.1,328.3,0.1,0.4,16.8,6610000.0,"(1.27, 2.37)"
GLBE,4.61,,,,0.0,,,-21.1,-19.8,-18.1,23.0,,-47.8,1050000.0,"(5.08, 6.02)"
GLNG,0.93,2.67,8.17,0.67,0.49,8.14,,33.9,14.1,767.1,46.5,0.68,,1080000.0,"(2.16, 1.84)"
GLPG,0.89,,,,0.01,,,-3.0,-6.3,133.4,,0.3,-14.6,267900.0,"(3.33, 4.91)"
GLPI,3.46,18.97,17.51,2.26,1.64,2.66,5.71,20.1,10.1,50.0,0.1,1.03,52.2,1130000.0,"(1.81, 3.95)"
GMAB,6.03,30.28,4.43,1.12,0.02,1.19,,21.8,17.3,-18.3,,0.79,37.8,601430.0,"(0.44, 4.79)"
GNTX,2.95,19.53,12.8,1.24,0.0,1.36,1.81,15.7,15.4,3.7,0.1,0.92,16.4,1200000.0,"(1.54, 3.0)"
GO,2.37,41.65,24.24,3.58,0.34,0.65,,6.1,5.6,136.3,0.6,,1.8,1030000.0,"(10.94, 9.44)"
GOGO,,22.05,19.55,3.5,,0.69,,-56.1,21.6,-79.5,0.1,1.32,22.8,707480.0,"(3.85, 5.19)"
GOOG,4.6,20.46,15.05,1.32,,4.48,,,,-34.0,0.02,,,30140000.0,"(0.58, 1.0)"
GOOGL,4.59,20.31,14.82,1.31,0.06,4.49,,23.5,23.4,-31.5,0.28,1.08,21.2,37630000.0,"(0.7, 1.11)"
GPRE,2.0,,12.84,,0.7,,,-13.8,-6.7,-264.6,3.21,1.76,-3.5,810760.0,"(14.63, 10.34)"
GRAB,1.66,,,,0.21,,,-23.8,-17.3,81.4,27.81,,,16900000.0,"(3.64, 5.99)"
GRFS,1.69,76.4,15.59,6.2,1.56,0.1,8.61,,3.4,,,0.44,,974510.0,"(3.21, 4.46)"
GT,0.55,14.65,6.17,1.58,1.49,0.7,,3.9,3.9,-118.9,0.44,1.81,1.0,4200000.0,"(4.65, 3.12)"
GTLB,8.69,,,,0.0,,,-23.2,-16.4,47.1,1.3,,-47.3,2029999.9999999998,"(8.53, 3.59)"
HALO,34.06,29.78,11.31,0.99,8.87,1.44,,98.6,13.0,-10.6,0.8,1.27,30.6,1220000.0,"(5.16, 5.63)"
HAS,2.32,32.67,9.55,3.94,1.4,1.46,5.88,6.9,5.1,-257.5,0.2,0.73,3.5,1930000.0,"(6.21, 4.1)"
HBAN,1.03,7.67,7.18,,0.61,1.45,5.58,13.6,17.8,63.9,0.6,1.14,35.6,14530000.0,"(3.14, 3.09)"
HCM,3.74,,,,0.04,,,-42.7,-64.3,-118.9,0.41,1.03,-84.6,294320.0,"(0.77, 2.31)"
HCP,4.53,,,,0.0,,,-32.4,-22.6,-213.5,0.3,,-92.2,1510000.0,"(8.27, 4.02)"
HELE,1.66,16.53,11.6,2.07,0.74,6.09,,10.6,11.0,-30.6,0.2,0.66,6.8,434020.0,"(14.43, 7.89)"
HLNE,6.08,25.04,17.72,1.67,0.5,2.59,2.47,25.7,19.9,-77.6,3.5,1.1,18.6,187900.0,"(4.84, 8.62)"
HOLX,3.8,19.97,19.31,2.0,0.56,3.92,,20.0,17.5,-61.4,1.1,1.01,22.2,1630000.0,"(2.69, 4.01)"
HON,7.76,26.56,19.25,3.36,1.17,7.27,2.13,28.3,13.7,-26.6,0.1,1.09,14.0,3070000.0,"(0.65, 1.4)"
HOOD,1.15,,,,0.26,,,-14.7,-11.5,62.9,0.4,,-75.7,7520000.0,"(5.08, 4.71)"
HPK,2.11,11.89,4.1,,0.6,1.86,0.45,22.1,18.5,43.6,9.6,0.78,28.3,236200.0,"(11.77, 6.96)"
HQY,2.35,,29.78,,0.49,,,-3.2,-0.6,67.8,0.5,0.81,-7.1,744700.0,"(3.61, 4.01)"
HRMY,6.12,14.0,11.42,,0.48,2.96,,60.1,33.1,109.6,1.49,,41.4,562510.0,"(9.94, 10.3)"
HSAI,,,,,,,,199.6,10.6,-33.2,23.98,,,841500.0,"(0.13, 0.09)"
HSIC,3.02,19.92,13.36,2.34,0.33,3.89,,15.1,12.6,-66.9,0.2,0.81,4.3,906470.0,"(3.78, 5.45)"
HST,1.68,17.86,18.73,0.63,0.63,0.88,3.04,9.4,6.9,-54.1,1.23,1.32,12.9,7290000.0,"(4.71, 4.57)"
HTHT,12.25,,48.16,,1.63,,0.43,-22.3,0.4,-424.6,56.4,1.0,-16.0,1530000.0,"(4.95, 6.44)"
HTLF,1.01,8.06,6.99,0.81,0.23,4.79,3.11,12.3,26.4,22.6,0.8,1.09,30.3,165490.0,"(0.75, 1.75)"
HTZ,2.12,3.4,7.89,,5.47,5.0,,76.0,13.9,122.1,0.2,,23.7,2980000.0,"(4.65, 5.01)"
HUBG,1.74,8.09,10.92,0.49,0.21,10.63,,23.5,18.7,-2.5,0.2,0.92,6.7,222160.0,"(1.9, 2.74)"
HWC,1.02,6.65,6.59,0.83,0.07,5.98,3.02,15.5,26.3,6.2,0.7,1.38,45.4,516419.99999999994,"(2.84, 4.66)"
HZNP,4.9,49.37,16.14,9.87,0.51,2.22,,10.5,8.0,-29.4,1.25,1.14,14.4,3660000.0,"(1.46, 0.89)"
IAC,0.71,,,,0.35,,,-18.9,-1.1,-134.4,1.0,1.69,-22.4,992270.0,"(2.6, 2.05)"
IART,2.42,24.35,13.72,3.29,0.8,2.16,,10.6,6.2,20.4,0.2,1.15,11.6,497640.0,"(6.56, 9.58)"
IBKR,2.76,20.45,13.22,0.89,3.15,3.73,0.52,14.5,15.6,93.9,2.0,0.78,9.3,1110000.0,"(1.54, 1.38)"
IBOC,1.32,9.04,,0.9,0.07,4.79,2.91,14.6,17.6,90.1,4.1,1.03,57.1,244710.0,"(1.53, 3.31)"
IBTX,0.82,10.23,9.07,1.02,0.13,4.7,3.16,8.1,18.6,-21.6,1.6,1.41,29.7,147270.0,"(4.16, 9.99)"
ICLR,2.04,34.57,14.44,2.45,0.55,6.13,,6.1,5.6,54.6,4.0,1.14,6.5,510640.0,"(0.9, 1.43)"
ICUI,1.79,,18.57,,0.79,,,-3.6,-0.1,-171.2,1.5,0.64,-3.3,187330.0,"(5.73, 6.15)"
IDCC,3.13,27.14,19.93,1.06,0.87,2.71,1.91,11.6,4.8,-11.1,1.5,1.21,18.4,400500.0,"(13.11, 9.57)"
IDXX,62.8,57.41,42.15,3.19,2.22,8.03,,124.5,36.7,8.7,0.3,1.19,20.2,499440.0,"(2.09, 3.43)"
IEP,3.69,,,,1.53,,15.88,-3.9,2.7,57.3,0.1,0.72,-1.3,485810.0,"(0.36, 2.51)"
ILMN,5.4,,72.95,,0.41,,,-50.8,-45.5,-224.1,0.1,1.16,-96.1,1290000.0,"(2.77, 3.37)"
IMCR,9.03,,,,,,,,,,14.68,,,299600.0,"(5.54, 6.99)"
INCY,3.73,48.08,14.71,2.83,0.01,1.52,,8.2,8.9,-95.0,0.4,0.74,10.0,1610000.0,"(2.98, 4.06)"
INDB,1.04,11.57,10.34,4.63,0.04,5.7,3.34,9.1,17.4,4426.6,0.4,0.86,41.0,221830.0,"(2.69, 5.41)"
INMD,4.62,16.4,10.45,1.31,0.0,1.89,,33.7,28.5,-28.1,14.3,2.12,35.6,1500000.0,"(6.96, 3.21)"
INSM,27.76,,,,13.14,,,-867.2,-36.9,-26.6,0.7,1.57,,1340000.0,"(7.76, 7.77)"
INTA,9.7,,258.8,,0.0,,,-35.5,-38.5,21.5,11.2,,-29.1,222280.0,"(0.96, 2.4)"
INTC,1.09,13.81,14.4,,0.41,1.95,1.86,7.9,2.5,-114.3,0.07,0.82,12.7,43200000.0,"(1.71, 1.64)"
INTU,6.95,57.49,25.15,3.86,0.45,6.81,0.8,11.9,9.0,71.0,0.2,1.17,14.2,1550000.0,"(1.0, 1.76)"
IONS,8.33,,,,2.08,,,-43.1,-24.0,-123.2,0.4,0.54,-45.9,969940.0,"(5.78, 8.42)"
IOSP,2.37,18.64,14.38,2.49,0.0,5.33,1.29,12.5,13.1,5.8,0.1,1.19,6.8,101440.0,"(0.96, 2.32)"
IPAR,6.91,35.36,30.17,2.95,0.29,3.78,1.87,20.6,19.0,,43.45,1.04,11.1,122810.0,"(1.54, 2.25)"
IPGP,2.38,59.06,20.4,12.84,0.01,1.98,,4.3,4.0,-257.0,15.7,1.22,7.7,285790.0,"(3.49, 3.71)"
IQ,6.97,,16.32,,3.4,,,-2.2,4.5,115.6,0.22,0.52,-0.5,20770000.0,"(6.97, 1.71)"
IRDM,6.67,887.61,237.88,88.76,1.32,0.07,0.87,0.8,2.9,85.6,1.5,1.11,1.2,657800.0,"(3.35, 5.75)"
IRTC,14.02,,,,0.15,,,-48.0,-41.5,39.3,0.7,1.41,-28.3,340380.0,"(7.19, 6.27)"
ISEE,5.33,,,,0.18,,,-52.2,,-64.5,0.4,1.09,,2430000.0,"(7.42, 4.14)"
ISRG,7.24,62.37,36.52,4.3,0.0,3.65,,11.3,11.9,-12.0,0.51,1.29,21.3,1770000.0,"(0.59, 1.16)"
ITCI,6.52,,,,0.0,,,-35.9,-40.2,55.8,0.1,1.16,,674160.0,"(3.59, 4.91)"
ITRI,2.02,,23.7,,0.0,,,-0.9,-0.1,137.8,0.5,1.35,-0.5,261610.0,"(3.09, 5.29)"
JAMF,3.36,,52.22,,0.52,,,-20.4,-12.9,12.9,0.7,,-29.5,414580.0,"(2.79, 8.11)"
JAZZ,2.74,,6.91,,1.86,,,-7.1,1.1,-564.4,2.9,0.74,-6.1,584250.0,"(3.98, 4.18)"
JBHT,4.91,18.85,17.06,1.36,0.34,9.21,0.97,28.2,20.7,-15.6,0.3,1.14,6.5,702340.0,"(2.52, 2.94)"
JBLU,0.65,,6.73,,1.02,,,-10.3,-3.1,118.2,0.2,1.61,-4.0,9140000.0,"(4.97, 1.75)"
JD,2.05,42.99,10.58,1.35,0.2,0.93,,5.0,4.7,157.5,6.18,0.46,1.0,8330000.0,"(1.17, 1.8)"
JJSF,3.14,63.12,26.83,,0.11,2.22,2.0,5.0,5.1,-40.6,18.8,0.54,3.0,87820.0,"(5.85, 10.34)"
JKHY,6.82,29.3,26.5,3.26,0.18,4.82,1.47,24.8,24.4,-14.9,0.5,0.65,17.7,469540.0,"(2.63, 4.05)"
KDP,1.93,33.98,17.83,5.18,0.51,1.01,2.34,5.7,5.5,-46.2,37.2,0.61,10.2,7230000.0,"(1.63, 2.0)"
KHC,0.96,19.92,13.28,8.88,0.41,1.91,4.2,4.8,4.5,279.3,0.4,0.7,8.9,6690000.0,"(2.24, 2.62)"
KLAC,19.81,15.0,19.03,3.59,0.0,24.32,1.43,139.0,43.3,46.4,0.3,1.38,33.8,1200000.0,"(1.75, 2.01)"
KLIC,2.51,9.94,16.03,0.5,0.0,5.2,1.47,26.7,35.7,-88.0,3.1,1.43,25.8,453370.0,"(15.25, 18.64)"
KRTX,5.65,,,,0.0,,,-34.9,-25.8,-135.0,0.2,1.17,,286810.0,"(5.37, 6.07)"
KRYS,3.6,,,,0.0,,,-25.8,,-32.2,13.7,0.88,,195790.0,"(5.81, 6.1)"
LAMR,8.35,22.76,17.44,7.59,2.79,4.31,5.1,35.5,12.4,-46.6,0.8,1.42,21.6,482960.0,"(2.47, 4.42)"
LANC,5.95,51.43,27.21,17.14,0.0,3.7,1.78,11.9,10.5,-38.7,1.4,0.22,5.8,154670.0,"(4.5, 5.42)"
LAZR,,,,,,,,-778.9,-76.6,-93.4,1.3,1.62,,12360000.0,"(28.54, 5.45)"
LBRDA,1.35,9.81,5.73,0.29,0.48,7.88,,14.1,-1.6,-45.5,9.72,1.16,,200980.0,"(0.39, 2.6)"
LBRDK,1.34,10.56,6.32,,,7.33,,,,-54.0,7.49,,,1030000.0,"(4.3, 4.88)"
LBTYA,0.37,55.69,,,0.61,0.33,,6.1,1.5,,0.3,1.27,20.5,1510000.0,"(1.31, 3.65)"
LBTYB,,,,,,,,,,,,,,,
LBTYK,0.39,16.21,,,,1.18,,,,,7.76,,,1910000.0,"(2.79, 3.65)"
LCID,3.09,,,,0.48,,,-67.7,-40.3,-56.0,1.5,,,32540000.0,"(8.25, 4.08)"
LECO,9.23,20.59,17.84,1.39,1.16,8.04,1.55,50.6,22.2,49.6,0.2,1.16,12.6,389420.0,"(3.05, 4.42)"
LEGN,12.47,,,,0.35,,,-91.5,-43.9,-2.3,1.37,,,651480.0,"(2.7, 6.83)"
LESL,,15.26,12.88,1.57,,0.77,,-47.6,32.2,34.8,1.5,,9.3,3100000.0,"(13.51, 7.7)"
LFST,1.37,,,,0.14,,,-23.4,-16.4,69.8,3.1,,-41.8,487090.0,"(2.84, 18.53)"
LFUS,2.89,17.29,17.38,1.68,0.45,14.94,0.93,17.9,13.4,79.8,0.5,1.27,14.8,96300.0,"(1.23, 3.11)"
LGIH,1.43,7.32,9.49,0.49,0.68,13.75,,21.1,10.8,-68.0,11.93,1.69,14.2,240360.0,"(14.95, 12.73)"
LHCG,,,,,,,,,,,,,,,
LI,3.38,,42.85,,0.21,,,-4.7,-6.5,-21.1,0.04,,-4.4,8270000.0,"(3.78, 3.91)"
LIFW,16.17,,0.12,,1.65,,,,14.6,93.8,0.9,,,182910.0,"(2.66, 9.52)"
LILA,0.91,,21.16,,4.11,,,-8.9,2.2,123.6,3.8,1.33,-3.6,254270.0,"(0.19, 1.35)"
LILAK,0.9,,,,,,,,,,8.55,,,1180000.0,"(1.63, 1.96)"
LITE,2.23,138.3,9.04,17.73,1.5,0.36,,1.7,7.1,-161.6,1.1,1.12,1.6,962770.0,"(10.1, 7.12)"
LIVN,1.81,,13.46,,0.45,,,-7.0,-5.0,119.3,0.4,0.88,-8.4,478230.0,"(4.17, 4.65)"
LKQ,2.62,13.06,12.2,0.39,0.49,4.09,2.06,20.8,14.7,-12.2,0.5,1.37,9.0,1620000.0,"(1.34, 2.2)"
LNT,2.06,18.88,16.37,3.4,1.39,2.73,3.52,11.1,6.0,21.3,0.16,0.53,16.3,1390000.0,"(1.57, 2.83)"
LNTH,10.83,206.27,12.74,5.47,1.25,0.34,,5.2,3.7,-193.0,1.6,0.65,3.0,980760.0,"(5.53, 3.79)"
LNW,5.4,,21.19,,3.93,,,,2.9,-79.1,0.3,1.8,,474070.0,"(3.87, 7.36)"
LOGI,3.79,20.34,16.54,,0.0,2.61,1.82,18.8,26.8,-30.3,6.7,0.89,9.0,734890.0,"(2.76, 5.97)"
LOPE,5.16,18.73,15.03,,0.0,5.73,,29.1,28.6,7.3,2.01,0.62,20.3,215760.0,"(2.23, 3.13)"
LPLA,7.43,19.46,10.05,0.8,0.0,10.42,0.59,43.7,19.5,198.0,0.6,0.94,9.8,700220.0,"(1.29, 1.44)"
LRCX,7.81,12.82,17.61,5.62,0.6,37.2,1.45,73.2,42.5,27.6,0.2,1.5,26.9,1280000.0,"(1.89, 1.98)"
LSCC,24.81,69.07,36.85,4.6,0.26,1.27,,40.1,29.9,84.8,1.0,1.27,27.1,1480000.0,"(4.31, 3.92)"
LSTR,7.09,14.92,18.14,0.68,0.22,11.74,0.68,49.6,40.1,-13.0,0.5,0.91,5.8,274970.0,"(5.66, 7.32)"
LSXMA,1.01,7.27,9.44,0.16,1.5,3.72,,15.3,6.6,457.7,3.9,1.13,14.4,1040000.0,"(3.24, 2.95)"
LSXMB,,,,,,,,,,,,,,,
LSXMK,1.01,7.96,9.78,0.21,,3.39,,,,,10.62,,,977760.0,"(2.17, 4.34)"
LULU,12.29,32.2,25.72,1.66,0.0,9.1,,41.4,35.6,38.6,4.91,1.37,15.7,1740000.0,"(2.65, 1.7)"
LUNR,1.83,,,,0.0,,,-0.4,,,10.41,,,1120000.0,"(1.03, 0.04)"
LYFT,7.98,,13.26,,2.25,,,-193.3,-126.7,-94.8,0.9,1.76,-38.7,18860000.0,"(15.99, 2.69)"
MANH,37.66,67.39,43.46,4.49,0.0,2.03,,60.6,54.5,87.2,0.4,1.58,16.8,292500.0,"(1.97, 4.15)"
MAR,89.7,22.14,18.56,0.51,17.72,7.25,1.0,182.3,25.5,49.2,0.9,1.59,11.4,1840000.0,"(1.75, 2.44)"
MASI,6.88,67.61,32.55,5.68,0.71,2.6,,10.7,7.0,-35.9,0.8,0.85,7.0,397970.0,"(1.84, 2.23)"
MAT,2.82,14.86,10.57,1.39,0.0,1.1,,21.4,12.3,-92.7,0.3,1.18,7.2,3290000.0,"(3.53, 3.79)"
MBLY,2.86,,46.95,,0.0,,,,-0.5,-73.1,1.5,,-7.8,2410000.0,"(19.29, 3.71)"
MCHP,7.07,21.96,13.04,1.59,0.0,3.7,1.76,34.1,11.3,68.0,2.09,1.58,25.7,4680000.0,"(3.4, 3.91)"
MDB,20.32,,134.67,,1.74,,,-53.8,-15.8,-0.5,2.6,1.06,-28.2,1760000.0,"(5.45, 2.02)"
MDGL,21.03,,,,0.25,,,-270.1,,-31.9,17.68,,,666790.0,"(7.59, 1.54)"
MDLZ,3.34,33.44,19.06,5.07,0.85,1.96,2.35,10.0,5.1,-40.4,0.16,0.65,8.6,5710000.0,"(0.77, 1.82)"
MEDP,14.07,23.83,19.09,1.68,0.13,7.31,,60.4,55.3,60.5,23.5,1.44,16.8,301120.0,"(5.1, 4.03)"
MELI,31.99,121.08,47.52,3.18,2.6,9.6,,29.1,10.4,463.3,7.85,1.58,4.6,564480.0,"(2.0, 1.64)"
MEOH,1.54,9.59,11.07,0.73,1.4,4.91,1.49,26.0,13.2,6.2,0.5,1.67,11.9,331880.0,"(1.42, 2.93)"
META,3.8,21.64,15.76,5.96,0.08,8.36,,18.6,16.0,-58.1,0.25,1.16,19.9,32259999.999999996,"(1.25, 0.85)"
MGEE,2.37,23.16,18.64,5.51,0.67,3.07,2.29,10.4,6.2,61.1,0.2,0.7,15.5,75790.0,"(0.56, 2.68)"
MGPI,2.77,19.1,16.79,1.91,0.31,4.92,0.51,15.2,12.0,-26.3,8.2,0.91,13.9,124800.0,"(16.78, 17.15)"
MGRC,2.82,19.77,18.15,1.98,0.51,4.7,2.0,15.0,10.7,39.4,1.56,0.79,15.7,125660.0,"(1.43, 2.74)"
MIDD,2.73,17.85,13.11,1.65,0.97,7.96,,17.2,9.3,36.2,0.1,1.54,10.8,533740.0,"(5.72, 5.72)"
MKSI,1.28,15.0,14.31,,1.2,5.8,1.01,16.8,15.8,-95.9,0.2,1.58,15.7,737850.0,"(4.93, 3.85)"
MKTX,12.63,54.81,41.05,3.78,0.0,6.65,0.79,24.3,22.1,14.9,1.9,0.78,34.8,324640.0,"(2.5, 2.83)"
MLCO,,,17.84,,,,,213.5,-9.6,-68.5,33.5,1.17,-68.9,4240000.0,"(2.08, 1.98)"
MMSI,3.35,52.0,21.32,4.73,0.17,1.29,,6.8,5.9,61.1,1.9,1.0,6.5,272900.0,"(1.17, 2.39)"
MMYT,3.22,,47.16,,0.27,,,-2.4,-2.6,101.0,85.4,1.24,-3.9,330140.0,"(4.05, 5.88)"
MNDY,9.41,,,,0.0,,,-20.8,-23.5,95.3,19.97,,-26.4,709780.0,"(9.97, 4.29)"
MNST,7.46,44.89,28.36,1.75,0.0,2.23,,17.3,17.1,-4.9,0.3,0.85,18.9,1980000.0,"(1.29, 2.43)"
MORN,6.54,114.33,28.44,7.15,0.92,1.63,0.8,5.7,4.8,-94.0,28.1,1.2,3.8,96030.0,"(1.07, 2.82)"
MPWR,13.69,53.74,31.18,3.81,0.0,9.05,0.82,29.4,26.3,62.8,3.9,1.14,24.4,543380.0,"(6.22, 5.23)"
MQ,1.56,,,,0.0,,,-12.2,-15.0,28.8,4.34,,-24.7,5870000.0,"(4.26, 3.42)"
MRCY,1.75,,21.17,,0.33,,,-0.3,1.2,-308.4,2.1,1.02,-0.4,365960.0,"(3.8, 5.89)"
MRNA,3.0,7.41,,,0.06,19.96,,46.3,40.6,-68.1,2.4,1.71,43.4,4990000.0,"(4.52, 3.14)"
MRTX,2.26,,,,0.0,,,-66.0,-76.3,5.7,0.5,1.09,,1510000.0,"(16.25, 5.85)"
MRVL,2.07,,16.55,,0.29,,0.63,-1.1,-0.1,-347.0,0.2,1.47,-2.8,11610000.0,"(2.02, 1.48)"
MSFT,10.33,28.23,23.63,2.35,0.35,8.99,1.07,39.3,31.3,-11.5,0.06,0.91,33.0,31430000.0,"(0.46, 1.09)"
MSTR,,,,,,,,,-71.3,-160.4,0.08,2.44,,588200.0,"(34.56, 5.49)"
MTCH,,28.06,13.51,1.7,,1.24,,-88.6,14.5,144.6,0.4,1.09,11.4,4520000.0,"(3.41, 2.09)"
MTSI,5.63,14.85,21.45,0.99,0.7,4.64,,46.3,22.8,-78.8,1.0,1.86,47.5,415270.0,"(3.94, 4.91)"
MU,1.19,9.78,40.01,,0.21,5.51,0.85,12.6,15.4,-108.8,0.2,1.41,22.8,14400000.0,"(1.68, 1.27)"
MXL,3.82,21.22,9.26,1.41,0.0,1.55,,20.9,16.4,9.2,1.8,1.93,11.2,532070.0,"(8.0, 10.92)"
NARI,7.61,,334.01,,0.0,,,-7.0,-7.5,-590.4,1.4,,-7.6,819860.0,"(5.87, 3.29)"
NATI,5.52,46.23,16.85,7.98,0.47,1.06,2.29,12.0,9.7,0.6,0.4,1.2,8.4,1860000.0,"(2.94, 2.05)"
NAVI,0.7,3.55,5.1,0.48,22.47,4.41,4.08,22.0,0.9,,2.8,1.57,44.2,997640.0,"(6.16, 7.72)"
NBIX,5.33,61.28,19.5,2.57,0.1,1.54,,10.2,6.4,,0.3,0.5,10.4,816270.0,"(2.68, 3.11)"
NCNO,2.29,,60.14,,0.06,,,-8.5,-4.3,-50.4,2.0,,-23.7,587730.0,"(4.97, 9.23)"
NDAQ,4.15,22.98,17.79,4.15,0.88,2.26,1.54,18.9,10.5,-4.7,0.3,0.99,18.1,2290000.0,"(1.57, 2.34)"
NDSN,4.92,24.57,21.58,1.89,0.42,8.58,1.23,21.8,18.6,-11.6,0.4,0.92,19.2,285420.0,"(2.55, 4.56)"
NEOG,1.26,410.45,301.0,41.05,0.3,0.04,,-1.1,5.3,-293.3,0.1,0.99,-2.6,2530000.0,"(5.86, 5.0)"
NFE,4.98,33.29,5.4,0.46,3.53,0.93,0.65,10.9,14.5,-55.4,0.2,1.62,8.2,1810000.0,"(5.05, 2.72)"
NFLX,6.29,32.12,20.35,2.01,0.69,9.14,,23.1,12.8,-189.8,1.44,1.28,14.2,8090000.0,"(1.85, 1.01)"
NICE,4.26,50.6,21.54,4.23,0.22,4.0,,9.1,6.9,41.2,0.57,0.86,12.2,231270.0,"(3.62, 9.96)"
NMIH,1.1,6.26,5.33,0.43,0.25,3.41,,18.9,16.1,24.0,0.3,1.29,56.0,375100.0,"(1.34, 2.94)"
NOVT,8.9,69.75,40.14,19.93,0.76,2.06,,13.5,8.8,10.4,0.6,1.3,8.6,123360.0,"(4.07, 11.66)"
NSIT,2.85,17.62,11.99,2.37,0.39,7.66,,17.5,14.1,26.5,0.6,1.57,2.7,251300.0,"(4.56, 6.02)"
NTAP,12.03,10.59,10.9,1.41,2.17,5.79,3.26,135.6,28.8,-73.0,0.2,1.18,19.9,1750000.0,"(2.35, 2.87)"
NTCT,0.97,36.32,13.54,20.4,0.1,0.75,,2.8,1.7,13.0,1.3,0.7,6.1,461720.0,"(3.1, 4.65)"
NTES,3.61,19.5,14.77,2.65,0.26,4.3,2.14,19.9,11.0,-29.4,45.0,0.48,21.1,1780000.0,"(1.09, 3.95)"
NTLA,2.52,,,,0.0,,,-48.7,-37.1,-27.8,6.23,1.89,,1190000.0,"(10.7, 6.81)"
NTNX,,,47.92,,,,,63.0,-103.8,77.7,0.5,1.39,-29.1,1940000.0,"(3.37, 3.9)"
NTRA,8.16,,,,0.51,,,-106.7,-50.8,7.9,1.5,1.18,-66.8,1500000.0,"(6.4, 4.66)"
NTRS,1.65,13.39,10.88,3.03,13.38,6.14,3.65,12.4,0.9,-62.8,0.2,1.11,17.1,1050000.0,"(1.77, 3.47)"
NUVA,2.32,66.01,15.27,3.91,1.03,0.59,,4.8,4.3,147.2,0.31,1.08,3.4,1210000.0,"(8.71, 3.75)"
NVCR,16.2,,,,1.28,,,-21.0,-10.0,-39.5,1.0,0.85,-17.2,1020000.0,"(8.39, 8.58)"
NVDA,25.6,131.91,39.14,6.9,0.5,1.74,0.07,18.7,13.3,-51.6,0.4,1.75,16.2,48520000.0,"(1.65, 0.8)"
NVEE,2.17,31.09,16.4,2.07,0.08,3.27,,7.5,7.2,-48.7,1.2,1.21,6.4,101700.0,"(2.64, 3.21)"
NVEI,1.96,69.83,14.06,2.04,0.26,0.54,,2.9,2.2,-23.2,0.1,,6.7,386000.0,"(6.38, 10.78)"
NVMI,4.64,21.54,19.25,0.67,0.33,4.4,,26.0,16.8,55.6,1.7,1.24,24.6,100080.0,"(2.12, 6.05)"
NWE,1.23,17.32,15.65,3.85,0.99,3.24,4.56,7.3,5.0,18.9,0.6,0.46,12.4,383180.0,"(1.73, 2.58)"
NWL,1.4,25.04,8.64,33.61,1.53,0.47,7.78,5.2,5.5,-67.5,0.2,0.95,2.1,4680000.0,"(6.3, 5.54)"
NWS,1.12,31.52,,,,0.5,1.27,,,-71.5,40.2,,,897070.0,"(2.24, 2.89)"
NWSA,1.11,30.59,21.08,,0.37,0.51,1.28,3.7,6.7,-70.7,0.1,1.33,2.9,2630000.0,"(1.56, 2.94)"
NWTN,3.15,,,,0.17,,,-10.0,,-301.4,4.07,,,110730.0,"(6.07, 2.04)"
NXPI,6.1,16.57,12.64,1.66,0.0,10.56,2.32,39.8,17.5,23.2,0.1,1.53,21.1,2029999.9999999998,"(2.38, 3.03)"
NXST,2.27,6.88,5.52,0.34,2.54,24.16,3.25,33.9,11.3,-14.2,0.3,1.51,18.6,357730.0,"(5.38, 5.41)"
ODFL,9.94,27.02,24.68,1.83,0.03,12.18,0.49,38.6,36.7,21.0,12.63,1.09,22.0,814610.0,"(4.95, 5.85)"
ODP,1.62,12.61,10.79,1.03,0.15,3.68,,11.5,12.1,22.3,0.4,1.8,2.0,422720.0,"(13.44, 12.32)"
OKTA,2.34,,69.26,,0.4,,,-15.0,-10.8,38.7,0.2,1.1,-43.9,2900000.0,"(3.82, 2.0)"
OLED,5.09,31.13,27.62,2.56,0.0,4.4,1.02,17.5,16.4,41.7,1.0,1.4,33.9,335320.0,"(2.18, 2.82)"
OLK,6.47,,245.78,,0.02,,,-3.1,-6.7,168.4,69.81,,-9.2,161940.0,"(8.21, 18.08)"
OLLI,2.5,35.26,22.19,4.7,0.0,1.5,,7.2,12.2,2.0,0.1,0.97,5.3,886990.0,"(10.69, 7.05)"
OLPX,3.38,11.47,12.2,,0.85,0.35,,35.0,19.9,-51.2,0.1,,34.7,2800000.0,"(3.49, 8.06)"
OMAB,9.74,18.04,12.13,6.01,1.27,4.41,5.03,43.8,16.7,35.7,51.5,1.32,29.3,56940.0,"(0.13, 0.8)"
OMCL,2.06,532.24,20.37,37.48,0.5,0.1,,0.5,0.3,-328.2,0.8,0.9,0.4,519059.99999999994,"(5.99, 5.08)"
ON,5.43,18.29,15.11,1.05,0.52,4.25,,34.2,20.8,41.4,0.1,1.75,22.8,7030000.0,"(6.09, 3.73)"
ONB,0.91,11.05,7.22,1.38,0.36,1.39,3.66,8.5,16.0,98.2,0.3,0.85,28.5,1720000.0,"(2.7, 4.53)"
ONEM,,,,,,,,,,,,,,,
OPCH,4.01,37.05,26.98,3.71,0.77,0.82,,11.5,7.6,-37.5,0.1,1.14,3.8,1240000.0,"(2.36, 2.96)"
ORLY,,24.43,19.93,2.34,,33.49,,-234.8,70.3,9.5,0.6,0.88,15.1,476900.0,"(1.5, 1.92)"
OTEX,2.34,30.25,8.1,,1.26,1.18,2.73,7.9,6.0,195.7,2.3,1.05,9.0,683240.0,"(1.6, 6.24)"
OTTR,2.32,10.03,19.91,1.11,0.68,6.78,2.57,24.9,15.5,-18.7,1.99,0.52,19.5,401600.0,"(7.84, 7.97)"
OZK,0.97,7.93,6.24,0.66,0.25,4.54,3.78,12.8,18.2,15.1,0.1,1.42,43.2,999620.0,"(5.8, 7.03)"
PAA,1.11,10.34,8.44,1.19,1.09,1.19,8.69,10.8,8.9,-46.8,0.2,1.67,1.5,4340000.0,"(4.0, 4.16)"
PAAS,1.61,,18.08,,0.1,,2.38,-14.1,-12.4,,1.6,1.18,-22.9,3730000.0,"(17.4, 9.8)"
PACB,3.51,,,,1.59,,,-48.2,-21.0,-18.8,0.8,1.64,,4190000.0000000005,"(11.16, 5.49)"
PACW,0.33,2.89,2.69,0.29,0.36,3.37,10.26,11.4,23.9,-74.3,1.1,1.49,25.5,2190000.0,"(3.58, 1.89)"
PAGP,1.64,14.9,6.94,,5.54,0.87,8.29,11.0,13.9,-47.6,0.2,1.6,0.3,2680000.0,"(4.57, 3.23)"
PANW,77.14,2414.29,39.86,79.01,5.05,0.08,,7.7,-6.4,180.0,1.4,1.18,0.6,4560000.0,"(6.73, 4.39)"
PARA,0.55,18.91,11.25,2.01,0.69,1.03,4.95,4.6,5.1,-110.1,0.2,1.66,3.5,11640000.0,"(15.33, 7.7)"
PARAA,,,,,,,,,,,,,,,
PAX,3.86,22.98,7.71,0.88,0.0,0.63,8.5,17.1,15.5,234.7,0.84,,35.9,161850.0,"(1.61, 5.14)"
PAYX,12.19,26.8,23.9,3.46,0.25,4.04,2.92,46.1,36.2,8.7,10.7,0.97,30.4,1680000.0,"(2.9, 5.56)"
PCAR,4.25,13.81,12.7,53.74,0.87,5.17,1.4,23.7,12.4,18.2,1.4,0.92,10.4,3310000.0,"(1.26, 1.97)"
PCH,1.7,10.04,30.14,2.01,0.46,4.77,3.76,16.2,11.2,-91.7,0.6,1.19,25.1,434090.0,"(3.19, 5.83)"
PCTY,14.49,103.78,32.48,5.19,0.0,1.7,,15.6,15.0,58.3,26.2,1.09,9.6,422480.0,"(5.97, 5.76)"
PCVX,3.13,,,,0.0,,,-43.8,,-82.6,0.6,,,713920.0,"(6.84, 6.92)"
PDCE,1.44,3.4,3.61,0.13,0.33,18.5,2.54,50.1,33.1,-20.7,1.0,2.54,46.2,856390.0,"(5.1, 5.25)"
PDCO,2.31,13.05,11.16,2.8,0.6,2.0,3.98,18.7,5.9,-4.8,1.0,1.21,3.1,600310.0,"(4.22, 6.08)"
PDD,7.49,31.7,21.01,0.47,0.0,2.88,,32.8,5.7,537.6,,0.77,24.3,8160000.0,"(2.83, 3.16)"
PECO,1.65,75.53,80.95,8.21,0.85,0.42,3.55,2.2,2.8,359.0,0.45,,8.4,537520.0,"(3.65, 7.93)"
PEGA,27.9,,21.35,,4.54,,0.27,-187.8,-48.4,192.3,39.5,1.05,-26.2,392270.0,"(3.72, 3.68)"
PENN,1.15,21.3,14.62,10.47,3.31,1.26,,6.0,6.5,-49.8,0.1,2.23,3.5,2210000.0,"(8.08, 5.63)"
PEP,13.92,26.82,22.07,3.55,2.28,6.48,2.65,48.9,16.9,-60.5,0.1,0.54,10.3,4730000.0,"(0.82, 2.38)"
PFG,1.76,3.83,9.54,0.57,0.41,18.82,3.55,45.4,8.5,-102.2,0.4,1.32,34.8,1560000.0,"(2.8, 4.35)"
PGNY,7.75,103.19,58.09,8.9,0.0,0.3,,9.2,7.8,-77.4,0.8,1.58,3.9,954570.0,"(7.27, 6.22)"
PI,208.13,,61.22,,17.96,,,,-6.6,99.4,1.7,2.26,-9.4,469890.0,"(13.07, 6.86)"
PINC,1.59,21.16,10.9,2.92,0.24,1.46,2.72,7.7,7.5,-13.2,0.9,0.28,12.9,581550.0,"(2.04, 4.14)"
PLAY,4.57,13.64,9.76,2.32,3.41,2.5,,36.8,23.0,-81.7,1.1,1.95,7.1,1020000.0,"(10.76, 4.43)"
PLTK,,13.35,10.2,0.62,,0.69,,-101.9,20.8,-4.9,0.1,,10.5,1070000.0,"(7.61, 3.27)"
PLUG,1.78,,,,0.14,,,-16.9,-14.7,-14.4,0.8,1.83,,17040000.0,"(15.42, 4.74)"
PLXS,2.26,16.94,14.01,2.08,0.45,5.54,,14.5,10.2,82.7,0.9,1.11,3.8,182220.0,"(2.55, 3.78)"
PNFP,0.81,7.96,7.2,0.25,0.08,7.17,1.54,10.6,16.1,3.0,2.21,1.15,39.7,581650.0,"(2.51, 3.23)"
PODD,44.23,5418.57,147.44,,2.94,0.06,,1.0,1.7,-41.0,0.1,0.77,0.4,402790.0,"(3.47, 5.96)"
POOL,10.89,18.46,19.27,2.54,1.12,18.76,1.16,61.6,30.1,-32.8,0.2,0.95,12.0,440930.0,"(9.86, 8.46)"
POWI,6.09,27.59,28.06,9.58,0.0,2.92,0.94,22.5,22.2,-40.2,0.7,1.19,26.2,317950.0,"(5.77, 10.23)"
PPBI,0.85,8.51,8.76,1.06,0.12,2.98,5.2,10.1,18.9,-13.8,0.1,1.23,36.5,469490.0,"(2.08, 4.13)"
PPC,1.97,7.67,10.06,,1.12,3.08,,26.6,14.9,-537.9,0.1,0.99,4.3,838930.0,"(8.12, 3.93)"
PRFT,5.62,23.45,13.37,1.56,0.96,2.9,,27.8,13.4,525.7,0.3,1.57,11.5,201310.0,"(3.38, 5.67)"
PRGS,6.18,26.56,12.62,13.28,1.55,2.15,1.23,25.3,10.8,61.6,1.4,0.95,15.8,289010.0,"(7.92, 11.58)"
PROK,,,,,,,,,,30.4,0.1,,,112550.0,"(2.96, 12.75)"
PRTA,3.81,,,,0.0,,,-25.0,-19.8,118.2,4.73,0.44,,534510.0,"(6.77, 5.77)"
PRVA,5.98,,107.77,,0.0,,,-1.9,-2.5,238.9,2.8,,-0.6,743870.0,"(2.52, 3.51)"
PSEC,0.67,83.38,7.41,16.68,,0.08,10.79,,,-71.5,27.12,,,1350000.0,"(1.99, 4.28)"
PSMT,2.03,19.68,15.77,1.31,0.16,3.44,1.36,,10.1,7.3,11.7,0.89,,108910.0,"(1.59, 4.43)"
PSNY,71.5,,,,5.98,,,,-116.3,,51.45,,-75.3,2270000.0,"(7.04, 3.47)"
PSNYW,,,,,,,,,,,,,,98420.0,"(0.11, 0.57)"
PTC,5.76,40.58,22.33,3.3,0.56,2.89,,15.3,10.0,62.5,1.0,1.19,17.6,703040.0,"(1.32, 1.98)"
PTCT,,,,,,,,264.1,-41.7,-16.0,0.1,0.4,-80.0,695020.0,"(7.13, 7.19)"
PTEN,1.64,18.06,5.51,,0.5,0.7,2.53,9.6,7.9,126.9,1.0,2.32,5.8,3120000.0,"(7.06, 4.81)"
PTON,126.33,,,,55.2,,,-418.4,-127.8,29.2,0.88,1.95,-90.3,12950000.0,"(11.71, 2.81)"
PTVE,0.98,4.79,7.71,,2.67,1.78,4.7,23.2,8.6,-21.3,0.2,,5.1,186900.0,"(4.01, 8.34)"
PYCR,3.17,,55.27,,0.0,,,-7.6,-11.2,-7.0,0.6,,-20.0,490230.0,"(5.14, 18.34)"
PYPL,4.08,34.66,12.91,2.38,0.53,2.1,,12.0,9.3,19.0,0.24,1.3,8.8,13640000.0,"(1.96, 1.62)"
PZZA,,41.08,23.42,4.96,,1.9,2.16,-26.1,28.1,1.2,1.0,1.11,3.2,569610.0,"(4.94, 2.98)"
QCOM,6.83,10.94,10.02,,0.9,10.46,2.62,71.1,41.2,-32.5,0.1,1.28,27.4,7870000.0,"(0.79, 1.11)"
QDEL,1.12,7.8,14.18,1.08,0.53,10.64,,12.9,8.4,-93.2,0.9,0.29,16.8,612230.0,"(4.41, 4.39)"
QFIN,1.0,4.28,3.48,,0.01,4.0,4.8,23.0,19.7,-34.3,5.55,0.44,23.6,1320000.0,"(2.29, 2.65)"
QLYS,15.41,42.92,25.03,5.36,0.0,2.75,,29.4,36.3,35.1,1.0,0.62,22.1,354870.0,"(8.17, 7.88)"
QRTEB,0.63,1.92,,,,2.86,,,,,88.19,,,16660.0,"(4.32, 1.72)"
QRVO,2.29,22.23,21.59,,0.0,4.26,,10.5,16.3,-108.1,0.5,1.46,11.1,1360000.0,"(2.64, 1.93)"
RARE,8.14,,,,0.0,,,-123.3,-185.6,-21.2,0.4,0.97,,631390.0,"(4.63, 4.88)"
RCM,2.01,,38.03,,0.64,,,4.0,10.3,-233.2,0.8,0.84,3.4,3210000.0,"(5.71, 5.4)"
REG,1.65,20.92,27.32,,0.61,2.81,4.42,7.9,4.8,40.6,0.4,1.17,39.4,927010.0,"(1.44, 2.63)"
REGN,3.55,19.67,16.51,,0.12,38.24,,20.5,16.6,-46.6,0.5,0.23,35.6,623600.0,"(1.15, 1.92)"
RELY,5.41,,,,0.0,,,-24.2,-25.4,-13.0,2.5,,-17.4,1020000.0,"(1.95, 2.65)"
REYN,2.95,21.39,16.98,17.55,1.12,1.23,3.5,14.3,8.4,2.0,74.21,,6.8,370020.0,"(5.82, 8.52)"
RGEN,4.92,52.12,50.16,8.7,0.15,3.24,,10.2,8.7,69.8,0.6,1.1,23.2,543360.0,"(7.48, 7.61)"
RGLD,2.83,32.49,32.49,4.09,0.21,3.64,1.27,8.9,7.6,-17.3,0.2,0.65,39.6,474190.0,"(4.31, 5.96)"
RIVN,0.92,,,,0.0,,,-42.0,-45.6,84.6,0.1,,,30280000.0,"(4.39, 1.16)"
RKLB,2.77,,,,0.18,,,-19.4,-17.4,,0.9,,-64.4,3790000.0,"(5.93, 5.81)"
RLAY,2.04,,,,0.0,,,-32.5,-31.5,15.1,1.2,,,1430000.0,"(15.05, 12.47)"
RMBS,5.7,,23.51,,0.01,,,-1.8,-3.0,178.3,0.2,1.31,-3.1,922100.0,"(2.8, 3.21)"
RNST,0.81,10.52,9.34,1.05,0.2,2.95,2.83,7.8,16.1,24.3,0.2,1.14,30.7,215620.0,"(1.59, 4.02)"
RNW,1.4,,29.31,,4.25,,,-7.5,4.3,30.5,15.25,,-12.3,973110.0,"(4.93, 4.72)"
ROIV,5.84,,,,0.43,,,-96.6,-68.6,-19.1,14.5,,,2410000.0,"(2.55, 4.41)"
ROKU,3.14,,,,0.03,,,-18.1,-19.7,,0.1,1.74,-15.9,7910000.0,"(9.74, 1.5)"
ROST,8.53,23.59,18.59,2.9,0.59,4.38,1.3,36.0,27.6,-8.7,0.1,1.0,7.9,2260000.0,"(1.19, 1.78)"
RPD,,,34.63,,,,,91.2,-16.4,75.6,1.5,1.13,-18.2,1130000.0,"(7.14, 3.67)"
RPRX,2.57,297.91,8.46,31.19,1.26,0.11,2.44,0.7,2.4,,0.1,,1.9,1660000.0,"(4.41, 4.44)"
RRR,54.71,14.46,18.31,,68.15,2.88,2.41,462.4,17.1,-22.4,0.2,2.18,12.3,406200.0,"(3.85, 5.03)"
RUM,10.09,,,,0.0,,,,-24.0,-327.4,6.0,,,1040000.0,"(10.88, 3.14)"
RUN,0.68,27.97,,,1.26,0.76,,2.7,-4.4,253.8,1.7,2.37,7.5,7220000.0,"(15.79, 4.47)"
RUSHA,1.65,7.66,11.14,,0.76,6.85,1.6,23.9,12.6,47.0,0.4,0.96,5.5,224850.0,"(2.8, 5.8)"
RUSHB,1.72,8.04,,,,6.85,1.53,,,43.3,60.3,,,16640.0,"(3.37, 9.7)"
RVMD,2.94,,,,0.0,,,-41.2,-37.6,11.3,0.8,,,1240000.0,"(8.4, 5.91)"
RVNC,177.87,,,,30.17,,,-786.7,-87.3,-96.5,1.1,0.88,,1600000.0,"(15.33, 7.6)"
RXDX,7.52,,,,0.0,,,-43.4,,-17.6,0.2,,,579790.0,"(12.58, 7.14)"
RYAAY,3.09,14.23,14.83,,0.8,6.36,,22.1,-1.4,309.4,9.1,1.46,13.5,396530.0,"(0.36, 1.94)"
SAGE,2.06,,,,0.0,,,-37.0,-43.7,-16.8,0.1,1.15,,494250.0,"(9.97, 10.49)"
SAIA,4.55,20.18,19.17,2.16,0.02,13.4,,24.7,22.3,-3.8,0.2,1.52,12.8,404800.0,"(14.87, 9.66)"
SANM,1.62,12.24,7.9,,0.17,4.68,,15.2,13.6,66.8,1.8,1.17,3.4,521059.99999999994,"(2.87, 3.08)"
SBAC,,59.06,42.52,3.96,,4.22,1.37,-8.6,11.3,113.9,0.4,0.51,17.5,766880.0,"(1.17, 1.63)"
SBCF,0.94,12.77,7.92,1.42,0.05,1.67,3.19,7.6,18.2,-45.6,0.9,1.13,28.0,718590.0,"(5.91, 4.99)"
SBLK,0.17,2.18,5.6,,0.64,9.82,11.23,27.4,18.5,74.9,19.8,1.1,39.4,1600000.0,"(6.72, 3.98)"
SBNY,0.57,3.71,4.43,0.59,0.07,18.78,4.02,14.6,17.8,43.4,0.2,1.68,44.8,1710000.0,"(6.11, 2.22)"
SBRA,0.85,,21.17,,0.82,,10.7,-2.4,0.6,-243.7,0.4,1.32,-12.4,1870000.0,"(4.72, 5.75)"
SBUX,,34.38,24.27,1.91,,2.88,2.14,-38.2,57.9,7.0,0.1,0.95,10.1,6100000.0,"(1.03, 1.93)"
SEDG,8.14,190.6,27.23,4.54,0.0,1.66,,4.5,2.9,-50.9,0.6,1.45,3.0,1030000.0,"(4.73, 2.53)"
SEIC,3.8,15.99,14.01,1.33,0.0,3.45,1.56,24.4,17.5,-19.6,7.9,1.03,23.9,474310.0,"(1.14, 2.67)"
SFM,3.31,13.75,12.27,2.01,0.25,2.38,,25.4,20.7,31.1,0.5,0.36,4.1,1370000.0,"(15.11, 11.33)"
SFNC,0.74,9.16,8.85,1.83,0.12,2.07,4.22,8.1,17.9,55.2,0.7,0.86,29.8,515640.0,"(2.8, 6.79)"
SGEN,13.12,,,,0.0,,,-21.1,-22.1,16.5,0.3,0.53,-31.1,1160000.0,"(1.79, 2.85)"
SGML,18.26,,6.84,,0.0,,,-31.9,,-4.4,0.72,0.4,,724450.0,"(4.15, 2.95)"
SGRY,1.54,,35.93,,1.31,,,-4.0,7.0,,0.2,2.76,-2.2,666260.0,"(8.72, 7.02)"
SHC,13.58,,17.78,,5.72,,,-41.8,-6.8,-994.6,0.4,,-23.3,2320000.0,"(1.88, 2.22)"
SHLS,8.7,44.62,22.03,0.62,0.82,0.47,,149.8,10.8,,1.0,,39.0,2740000.0,"(6.4, 2.62)"
SHOO,3.1,12.52,12.55,1.25,0.0,2.76,2.43,25.9,26.0,-48.9,1.1,1.16,10.2,856570.0,"(5.33, 4.56)"
SIGI,2.39,26.04,12.4,1.94,0.22,3.54,1.3,9.1,10.1,-12.7,0.8,0.64,6.0,271540.0,"(2.22, 4.82)"
SILK,9.53,,,,0.46,,,-63.1,-21.9,20.3,2.0,1.24,-39.7,438350.0,"(6.02, 5.1)"
SIMO,2.76,6.86,11.16,1.37,0.0,8.92,3.27,25.6,23.7,-59.0,7.4,0.92,18.2,342710.0,"(6.35, 5.17)"
SIRI,,11.9,11.31,3.18,,0.3,2.67,-34.3,26.9,17.0,0.3,0.98,13.5,16030000.000000002,"(26.89, 11.05)"
SITM,3.96,127.64,48.27,18.5,0.0,1.02,,3.4,2.3,-107.9,4.9,1.85,8.2,247900.0,"(5.48, 3.57)"
SIVB,0.28,2.3,2.68,0.29,0.43,25.35,,12.4,19.8,-25.6,0.1,1.65,26.6,1680000.0,"(5.44, 1.91)"
SLAB,3.91,65.46,31.5,18.18,0.38,2.58,,5.6,4.2,451.5,0.7,1.11,8.9,432400.0,"(7.86, 5.66)"
SLM,2.03,7.21,4.45,0.25,3.55,1.7,3.59,27.4,10.3,-131.6,0.2,1.25,22.6,1990000.0,"(2.32, 2.78)"
SMCI,2.61,8.49,9.33,0.85,0.09,10.52,,37.7,14.0,300.4,12.8,1.25,8.7,1560000.0,"(10.08, 2.97)"
SMPL,2.43,29.53,20.01,4.01,0.27,1.22,,8.6,8.7,64.7,1.8,0.78,10.4,610130.0,"(3.31, 5.28)"
SMTC,2.34,12.75,12.87,1.11,0.57,2.29,,19.2,14.1,-32.4,0.1,1.74,18.9,1150000.0,"(9.41, 5.17)"
SNEX,1.54,7.9,10.06,0.42,5.38,11.59,,21.8,3.3,77.5,3.5,0.92,0.4,127870.0,"(0.68, 0.92)"
SNPS,9.66,59.06,29.4,3.48,0.0,6.05,,16.9,18.5,-12.2,0.2,1.18,18.2,796260.0,"(1.25, 2.38)"
SNY,1.49,13.35,9.44,1.09,0.29,3.52,4.05,,9.0,50.7,16.4,0.54,,1980000.0,"(0.12, 1.39)"
SOFI,0.97,,,,1.06,,,-6.9,4.9,76.4,1.3,,-46.7,37910000.0,"(8.8, 2.02)"
SONO,3.85,149.84,42.62,24.56,0.0,0.13,,3.0,15.7,-34.1,1.5,1.85,1.1,1910000.0,"(9.58, 6.24)"
SPLK,,,25.27,,,,,235.9,-34.7,90.7,0.3,1.32,-27.3,1940000.0,"(3.64, 2.82)"
SPSC,9.52,94.73,44.56,6.32,0.0,1.49,,10.8,10.2,25.2,0.8,0.79,12.2,140740.0,"(1.88, 4.8)"
SPT,22.33,,290.96,,0.0,,,-35.5,-36.6,-18.4,1.8,,-19.8,635890.0,"(12.18, 8.89)"
SPWR,4.73,29.65,22.54,0.57,0.91,0.51,,-36.1,0.8,272.2,0.3,1.95,-8.9,4070000.0000000005,"(9.14, 3.88)"
SRAD,4.09,67.53,47.63,,0.3,0.17,,6.9,3.1,241.0,3.0,,7.7,177270.0,"(2.0, 22.57)"
SRCL,1.64,70.92,18.07,6.45,0.62,0.61,,2.4,3.3,332.3,0.1,1.25,2.1,364070.0,"(1.5, 3.79)"
SRPT,32.6,,29.76,,4.01,,,-117.3,-35.1,12.4,0.2,0.98,-75.4,1180000.0,"(9.65, 6.83)"
SSB,1.03,10.51,8.81,0.88,0.08,6.58,2.89,9.8,18.5,23.5,0.8,0.81,35.5,484730.0,"(2.33, 3.6)"
SSNC,2.26,21.88,10.11,2.78,1.17,2.48,1.47,10.8,6.9,-13.9,0.1,1.43,12.3,1390000.0,"(1.34, 2.13)"
SSRM,0.78,15.32,15.67,,0.11,0.89,2.06,5.4,6.1,-20.8,0.6,0.9,16.9,1470000.0,"(3.19, 4.46)"
STAA,8.57,75.21,46.97,2.51,0.0,0.79,,12.6,11.1,19.1,0.1,1.2,13.6,810030.0,"(9.94, 5.88)"
STLD,2.52,5.63,14.51,0.2,0.38,20.8,1.45,50.4,35.3,-34.2,5.8,1.52,17.4,2370000.0,"(2.68, 1.87)"
STNE,1.09,,2.75,,0.47,,,-10.7,11.3,115.4,1.63,2.21,-13.8,4800000.0,"(9.49, 4.88)"
STRA,1.2,42.97,21.71,7.16,0.06,1.95,2.87,2.8,2.8,-14.8,0.2,0.63,4.4,129199.99999999999,"(4.95, 9.07)"
STX,,21.53,12.14,,,2.8,4.64,-849.5,33.4,-107.2,0.4,1.12,6.6,2550000.0,"(4.49, 3.61)"
SUPN,2.14,33.48,17.35,19.81,0.45,1.04,,7.1,3.6,944.1,1.6,1.06,9.1,418130.0,"(8.96, 11.04)"
SWAV,13.22,32.86,41.01,,0.05,5.69,,60.0,41.0,910.6,1.9,0.97,44.1,499590.0,"(3.65, 2.61)"
SWKS,3.2,15.19,10.3,1.01,0.39,7.33,2.23,22.0,17.3,-19.6,0.2,1.28,22.3,2089999.9999999998,"(1.88, 1.42)"
SYNA,3.24,18.38,11.23,1.23,0.75,5.77,,18.6,12.4,-68.0,1.5,1.58,13.4,459870.0,"(4.96, 4.2)"
SYNH,1.0,13.23,8.58,48.99,0.77,2.58,,7.9,5.7,-25.6,0.2,1.65,4.9,1780000.0,"(10.48, 3.61)"
TBBK,2.09,11.42,6.54,0.95,0.18,2.28,,19.5,23.8,54.1,0.4,1.51,42.2,332990.0,"(3.41, 5.52)"
TCBI,0.94,8.3,12.14,1.04,0.34,6.19,,11.6,19.3,252.0,0.8,1.32,27.5,438820.0,"(4.47, 4.85)"
TCOM,1.5,123.04,20.71,,0.41,0.3,,1.3,-0.4,326.0,4.0,0.53,7.0,5490000.0,"(2.87, 3.35)"
TEAM,70.05,,753.9,,0.0,,,-84.2,-11.4,-807.8,0.6,0.82,-11.2,3110000.0,"(3.36, 1.55)"
TECH,6.17,44.66,30.45,4.15,0.11,1.61,0.45,15.0,13.2,-36.4,0.8,1.25,23.4,1010000.0,"(1.65, 2.54)"
TENB,17.5,,55.72,,1.35,,,-37.1,-11.8,-86.8,0.4,1.24,-13.5,851600.0,"(3.51, 4.56)"
TER,6.53,24.34,19.87,2.28,0.02,4.22,0.43,30.2,28.3,-17.3,0.3,1.55,22.7,1600000.0,"(2.45, 2.37)"
TFSL,1.87,43.84,41.5,,0.0,0.28,9.08,4.3,13.5,38.5,0.4,0.51,17.3,257829.99999999997,"(0.89, 9.6)"
TGTX,35.02,,,,1.21,,,-173.0,-148.7,45.1,1.1,2.08,,5890000.0,"(19.48, 4.41)"
THRM,2.89,80.1,15.67,3.2,0.35,0.73,,3.8,3.8,-121.2,0.6,1.4,2.0,146490.0,"(1.71, 3.84)"
TIGO,0.87,35.37,9.75,,2.17,0.52,,5.4,6.1,-93.6,36.0,1.03,3.2,225370.0,"(0.5, 2.19)"
TMDX,12.48,,,,0.31,,,-29.8,-12.6,54.0,1.5,1.47,-38.8,415490.0,"(4.87, 3.6)"
TMUS,2.49,60.1,14.56,0.93,1.13,2.33,,3.7,4.0,328.5,0.3,0.56,3.3,5210000.0,"(3.41, 3.86)"
TNDM,5.84,,,,0.64,,,-21.6,-13.1,-247.6,0.1,0.94,-11.8,1060000.0,"(9.99, 5.92)"
TOWN,1.08,10.42,10.14,,0.14,2.6,3.39,9.8,17.0,-0.5,5.1,1.0,35.3,166250.0,"(1.09, 4.38)"
TPG,1.89,91.81,12.16,7.84,0.0,0.3,7.29,23.5,145.0,-76.8,12.77,,21.0,490570.0,"(8.05, 10.2)"
TRIP,3.05,149.05,11.86,4.46,1.05,0.13,,2.5,3.1,93.2,0.2,1.43,1.3,2250000.0,"(7.57, 3.45)"
TRMB,2.91,26.55,16.31,2.65,0.38,1.8,,11.4,8.8,-24.0,0.2,1.58,12.2,1290000.0,"(1.01, 1.93)"
TRMD,1.88,8.83,,,,3.66,,,,,0.36,,,276550.0,"(1.48, 1.48)"
TROW,2.7,15.95,14.65,,0.0,6.69,4.58,17.0,21.2,-63.6,0.8,1.32,23.5,1730000.0,"(9.08, 11.51)"
TRUP,6.74,,,,0.23,,,-14.2,-11.5,-30.2,1.4,1.77,-4.9,456740.0,"(21.52, 17.53)"
TSCO,12.31,23.46,19.68,2.32,0.59,9.71,1.81,56.6,34.5,26.3,0.1,0.83,7.7,1040000.0,"(3.99, 4.23)"
TSEM,2.38,17.1,15.53,1.14,0.14,2.39,,15.1,13.2,60.1,19.6,0.88,15.8,472780.0,"(0.66, 1.52)"
TSLA,12.33,48.13,31.78,4.08,0.07,3.62,,32.5,26.1,54.8,0.1,2.05,15.4,182370000.0,"(3.08, 0.45)"
TTD,12.56,577.13,38.69,24.05,0.0,0.09,,2.9,1.9,718.5,0.2,1.8,3.4,4820000.0,"(3.6, 3.3)"
TTEC,3.05,16.57,12.55,3.49,1.72,2.18,2.88,19.3,9.3,-22.0,0.6,1.03,4.2,139310.0,"(1.55, 2.09)"
TTEK,5.36,23.09,23.57,4.71,0.19,5.79,0.69,25.1,17.7,73.7,1.1,0.97,10.8,273580.0,"(1.42, 2.73)"
TTWO,1.96,,21.29,,0.32,,,-5.0,11.2,-173.7,0.1,0.68,-8.3,1910000.0,"(2.78, 2.41)"
TW,2.83,45.48,27.92,3.46,0.0,1.48,0.53,6.4,6.8,79.9,0.2,0.95,26.0,932950.0,"(2.56, 3.04)"
TWKS,2.93,,14.17,,0.51,,,-14.1,-6.6,227.7,1.3,,-8.1,629110.0,"(1.93, 2.74)"
TWNK,1.81,20.36,20.23,2.45,0.56,1.19,,9.2,6.2,-7.9,0.61,0.64,12.1,1020000.0,"(3.6, 4.7)"
TXG,6.77,,,,0.0,,,-20.9,-21.3,9.0,1.5,1.73,-32.1,1120000.0,"(6.8, 5.5)"
TXN,10.82,18.49,20.6,1.85,0.6,9.4,2.85,60.9,38.0,-6.4,0.21,1.02,43.5,5230000.0,"(1.78, 3.09)"
TXRH,6.79,25.89,18.74,1.54,0.0,3.97,2.14,27.3,26.0,17.3,0.3,0.96,6.7,879340.0,"(6.75, 5.11)"
UAL,2.32,23.43,4.81,0.39,4.56,2.08,,15.2,5.4,223.6,0.3,1.45,1.6,8350000.0,"(4.38, 1.71)"
UBSI,1.07,12.86,12.28,1.61,0.06,2.81,3.99,8.4,16.3,31.6,1.7,1.08,37.9,553030.0,"(2.67, 6.36)"
UCBI,1.15,10.87,8.72,10.87,0.13,2.52,3.36,8.4,21.4,116.7,0.4,1.01,25.4,545800.0,"(1.9, 3.98)"
UFPI,1.81,7.03,9.14,0.41,0.11,11.01,1.29,28.1,25.3,-5.5,2.0,1.5,6.9,592600.0,"(1.86, 1.87)"
ULCC,4.44,,6.79,,0.84,,,-8.2,-3.9,175.0,0.1,,-1.1,976260.0,"(1.36, 3.0)"
ULTA,13.67,22.58,19.0,1.76,0.0,22.75,,64.9,64.3,35.6,0.1,1.31,11.7,556960.0,"(2.47, 2.23)"
UMBF,1.18,7.35,7.59,,0.14,8.86,2.34,16.3,25.4,28.0,0.7,0.84,37.9,213220.0,"(1.55, 3.18)"
UMPQ,,,,,,,,,,,,,,,
URBN,1.37,15.16,9.37,2.49,0.0,1.7,,12.8,18.0,-55.2,34.45,1.5,4.6,1650000.0,"(14.73, 5.4)"
UTHR,2.16,14.95,10.83,0.87,0.17,15.03,,16.3,13.5,14.2,0.2,0.63,37.6,484370.0,"(2.98, 2.75)"
VC,6.46,35.59,15.78,1.1,0.52,4.36,,21.5,13.8,10.4,0.8,1.81,3.3,310370.0,"(2.74, 2.47)"
VCTR,1.86,7.65,5.83,0.63,0.93,3.81,3.67,26.5,15.7,-21.4,6.9,1.17,32.2,296710.0,"(1.94, 4.05)"
VERX,12.72,,38.7,,0.23,,,-4.6,-0.2,71.4,2.8,,-2.1,220130.0,"(1.05, 2.12)"
VIAV,3.35,30.69,12.83,2.05,1.02,0.33,,11.3,2.4,-74.1,1.1,0.84,6.2,1830000.0,"(2.55, 3.12)"
VICR,4.12,76.49,22.44,3.82,0.0,0.57,,5.7,5.2,-8.6,0.9,1.38,6.4,340840.0,"(7.31, 4.8)"
VIR,1.45,5.91,,0.84,0.0,3.81,,25.2,28.6,-119.4,1.7,0.27,31.9,975930.0,"(4.23, 4.99)"
VIRT,1.26,6.92,6.53,,5.74,2.46,5.63,18.7,5.2,-70.3,0.3,0.2,10.8,1310000.0,"(2.93, 2.17)"
VLY,0.83,8.9,6.81,1.78,0.13,1.14,4.35,9.6,19.8,26.6,1.44,1.15,28.1,3000000.0,"(3.05, 5.07)"
VNOM,2.96,13.75,16.14,1.75,0.84,2.02,3.59,20.8,56.3,-39.9,0.2,1.93,17.5,371510.0,"(1.62, 2.67)"
VOD,0.59,15.0,,0.72,1.36,0.77,8.17,,3.5,-1.0,0.2,0.77,,9230000.0,"(0.1, 0.26)"
VRNS,5.13,,60.03,,0.5,,,-23.8,-18.0,57.6,1.9,0.91,-26.3,1190000.0,"(4.47, 3.98)"
VRNT,2.82,,13.26,,0.0,,,-2.7,1.5,-114.1,2.3,1.02,-2.6,405130.0,"(4.5, 6.96)"
VRRM,10.89,28.85,14.0,3.36,5.24,0.58,,39.1,9.2,53.6,0.6,1.2,12.5,2020000.0,"(8.15, 6.0)"
VRSK,16.14,27.76,28.36,2.48,2.14,6.52,0.75,43.6,21.6,87.1,0.3,0.84,38.2,969010.0,"(0.91, 1.44)"
VRSN,,30.64,23.43,3.83,,6.24,,-46.1,326.4,-43.0,1.1,1.0,47.3,675420.0,"(1.05, 1.63)"
VRTX,5.42,22.89,18.97,3.95,0.03,12.82,,26.7,23.6,5.0,0.1,0.48,37.2,1320000.0,"(1.05, 2.03)"
VSAT,1.05,,,,1.14,,,-5.4,0.4,-36.7,0.4,1.25,-5.5,482420.0,"(9.33, 14.02)"
VTRS,0.57,5.76,3.39,,0.91,1.71,4.88,10.3,2.2,479.6,0.28,1.21,12.8,9130000.0,"(1.73, 2.25)"
VTYX,5.15,,,,0.0,,,-31.2,,-125.8,3.8,,,772940.0,"(9.84, 6.58)"
WAFD,1.04,8.4,7.01,1.2,0.0,3.84,3.1,12.9,26.7,62.5,1.0,0.87,33.5,477060.0,"(2.63, 3.54)"
WB,1.16,46.81,6.63,,0.73,0.35,,2.5,2.4,18.8,6.06,0.54,4.7,1500000.0,"(4.98, 4.62)"
WBA,1.41,,6.96,,0.62,,5.72,-12.0,4.6,-204.4,0.3,0.72,-2.2,6360000.0,"(4.37, 4.91)"
WBD,0.72,,13.69,,1.05,,,-18.7,-5.9,,0.6,1.49,-21.9,26060000.0,"(3.62, 2.59)"
WDAY,8.35,,28.37,,0.53,,,-7.0,-3.8,-66.7,0.9,1.27,-5.9,2009999.9999999998,"(2.03, 2.02)"
WDC,0.93,,21.59,,0.58,,,-0.8,9.2,-178.3,0.7,1.7,-0.6,4750000.0,"(2.53, 1.69)"
WDFC,12.1,37.24,26.8,3.72,0.79,4.58,1.95,32.3,21.1,-23.8,1.1,,12.3,90770.0,"(9.93, 14.63)"
WEN,9.33,24.85,18.16,2.39,7.39,0.82,4.89,39.8,7.3,-19.0,7.4,0.93,8.5,2400000.0,"(3.1, 2.52)"
WERN,1.93,11.82,11.88,2.15,0.48,3.74,1.18,17.5,11.4,-17.8,7.42,0.84,7.3,536600.0,"(5.58, 6.09)"
WFRD,7.51,196.7,10.8,,4.2,0.29,,5.6,11.5,141.7,0.4,,0.6,849720.0,"(4.38, 3.37)"
WING,,93.73,71.14,5.6,,1.77,0.46,-12.9,23.1,154.9,0.1,1.6,14.8,612470.0,"(9.28, 4.51)"
WIRE,1.77,4.79,8.99,0.48,0.0,36.91,0.05,44.0,38.9,19.9,0.2,1.35,23.8,186040.0,"(11.61, 11.0)"
WIX,,,34.81,,,,,404.9,-36.4,64.9,3.49,1.23,-30.6,762020.0,"(5.84, 4.24)"
WMG,56.67,31.69,24.79,2.57,14.61,0.93,2.17,261.7,13.6,-35.2,0.3,,8.3,1420000.0,"(3.62, 2.91)"
WOOF,1.09,29.24,13.16,0.6,0.71,0.33,,3.8,4.8,-62.3,1.3,,1.5,1720000.0,"(21.21, 9.8)"
WSBC,0.82,10.39,9.46,1.04,0.12,3.03,4.45,7.9,16.8,2.3,0.4,0.95,35.4,154470.0,"(1.36, 5.06)"
WSC,6.38,37.66,21.79,,1.97,1.27,,19.4,9.1,106.1,1.8,1.55,15.8,1560000.0,"(2.45, 3.19)"
WSFS,1.08,10.96,7.77,0.91,0.17,3.53,1.55,9.7,20.8,16.0,1.0,1.01,31.6,267250.0,"(2.58, 5.89)"
WTFC,0.99,8.88,6.55,0.89,0.29,8.0,2.25,11.3,21.7,40.8,1.1,1.22,27.6,445590.0,"(1.93, 2.59)"
WTW,2.48,24.0,13.21,1.43,0.47,9.48,1.48,9.7,6.7,22.1,0.3,0.77,11.3,529330.0,"(0.88, 1.76)"
WWD,2.87,34.0,22.44,1.41,0.43,2.75,0.94,8.8,7.1,4.4,0.3,1.47,7.0,338860.0,"(2.19, 3.83)"
WYNN,,,25.81,,,,,68.9,-1.0,118.7,0.3,2.04,-11.3,2600000.0,"(7.81, 2.89)"
XEL,2.15,20.59,18.1,3.15,1.49,3.17,3.19,10.7,6.2,18.8,0.1,0.43,11.3,2620000.0,"(1.33, 2.77)"
XENE,3.11,,,,0.0,,,-17.8,-17.9,-26.5,0.2,1.44,,402740.0,"(5.31, 7.83)"
XM,5.49,,56.49,,0.0,,,-55.0,-56.2,22.3,18.4,,-72.8,2810000.0,"(3.23, 1.76)"
XNCR,2.34,,,,0.0,,,-7.5,-11.4,-116.8,0.87,0.82,-33.5,394060.0,"(7.6, 11.46)"
XP,1.82,9.04,1.3,0.66,2.77,1.21,,21.6,6.2,-18.9,19.35,,26.8,5180000.0,"(4.82, 3.61)"
XPEL,14.27,43.06,23.86,,0.21,1.5,,38.1,28.7,34.7,12.6,1.68,12.8,156310.0,"(6.04, 7.6)"
XRAY,2.12,,16.86,,0.51,,1.49,-22.2,-14.5,-116.6,0.6,0.91,-24.2,2089999.9999999998,"(4.24, 4.34)"
XRX,0.7,,9.02,,1.11,,6.68,-9.2,-4.3,118.9,0.3,1.71,-4.7,1360000.0,"(4.02, 4.3)"
YY,0.35,3.45,13.22,0.15,0.16,8.01,7.39,10.5,-2.0,9593.0,1.63,0.55,23.1,662380.0,"(6.54, 5.3)"
Z,2.1,,24.97,,,,,,,,9.62,,,3880000.0,"(12.73, 4.95)"
ZBRA,5.39,32.4,14.69,8.32,0.74,8.79,,17.1,9.4,1.0,0.69,1.67,8.0,388250.0,"(1.25, 1.66)"
ZD,1.82,52.84,10.68,11.01,0.53,1.39,,3.5,5.3,-82.5,0.9,1.17,4.6,314240.0,"(6.67, 9.52)"
ZG,2.08,,24.56,,0.38,,,-2.2,-1.6,70.3,3.49,1.72,-5.2,680800.0,"(0.92, 2.87)"
ZI,3.8,136.43,18.55,5.03,0.54,0.16,,2.9,2.4,-54.1,1.5,,5.8,5100000.0,"(4.52, 2.62)"
ZION,1.0,5.18,4.56,,0.15,5.79,5.47,17.7,42.2,37.3,1.0,1.19,32.2,1630000.0,"(2.49, 2.25)"
ZLAB,2.91,,,,0.0,,,-38.0,-38.7,71.0,1.3,1.19,,719250.0,"(3.03, 4.03)"
ZM,1.68,,15.85,,0.0,,,1.7,1.6,-142.9,9.34,,2.4,3920000.0,"(5.51, 3.15)"
ZS,30.02,,55.35,,2.16,,,-62.9,-21.7,44.4,1.0,0.9,-24.1,2670000.0,"(7.82, 2.51)"
